locking_scheme,accounts,query_pct,num_threads,total_transactions,time_alloc,time_init,time_thread_create,time_compute,time_thread_join,time_cleanup,time_total,user
sequential,100,0.1,1,20000,0.000012,0.000000,0.0,0.000640,0.0,0.0,0.000652,phoebus
sequential,100,0.5,1,20000,0.000007,0.000001,0.0,0.001004,0.0,0.0,0.001012,phoebus
sequential,100,0.9,1,20000,0.000007,0.000000,0.0,0.001337,0.0,0.0,0.001344,phoebus
sequential,1000,0.1,1,20000,0.000009,0.000004,0.0,0.000466,0.0,0.0,0.000480,phoebus
sequential,1000,0.5,1,20000,0.000008,0.000004,0.0,0.001099,0.0,0.0,0.001111,phoebus
sequential,1000,0.9,1,20000,0.000009,0.000004,0.0,0.001591,0.0,0.0,0.001605,phoebus
sequential,10000,0.1,1,20000,0.000012,0.000060,0.0,0.000645,0.0,0.0,0.000717,phoebus
sequential,10000,0.5,1,20000,0.000011,0.000066,0.0,0.001559,0.0,0.0,0.001637,phoebus
sequential,10000,0.9,1,20000,0.000012,0.000059,0.0,0.002981,0.0,0.0,0.003052,phoebus
sequential,100,0.1,1,40000,0.000011,0.000001,0.0,0.001392,0.0,0.0,0.001405,phoebus
sequential,100,0.5,1,40000,0.000008,0.000001,0.0,0.002015,0.0,0.0,0.002025,phoebus
sequential,100,0.9,1,40000,0.000008,0.000000,0.0,0.003717,0.0,0.0,0.003725,phoebus
sequential,1000,0.1,1,40000,0.000009,0.000004,0.0,0.000953,0.0,0.0,0.000966,phoebus
sequential,1000,0.5,1,40000,0.000010,0.000004,0.0,0.002052,0.0,0.0,0.002067,phoebus
sequential,1000,0.9,1,40000,0.000010,0.000004,0.0,0.002814,0.0,0.0,0.002829,phoebus
sequential,10000,0.1,1,40000,0.000010,0.000048,0.0,0.001016,0.0,0.0,0.001074,phoebus
sequential,10000,0.5,1,40000,0.000012,0.000091,0.0,0.002097,0.0,0.0,0.002201,phoebus
sequential,10000,0.9,1,40000,0.000009,0.000049,0.0,0.002799,0.0,0.0,0.002857,phoebus
sequential,100,0.1,1,80000,0.000014,0.000001,0.0,0.001970,0.0,0.0,0.001985,phoebus
sequential,100,0.5,1,80000,0.000007,0.000001,0.0,0.004091,0.0,0.0,0.004100,phoebus
sequential,100,0.9,1,80000,0.000009,0.000000,0.0,0.006136,0.0,0.0,0.006146,phoebus
sequential,1000,0.1,1,80000,0.000011,0.000004,0.0,0.001902,0.0,0.0,0.001917,phoebus
sequential,1000,0.5,1,80000,0.000008,0.000004,0.0,0.006362,0.0,0.0,0.006376,phoebus
sequential,1000,0.9,1,80000,0.000014,0.000004,0.0,0.005534,0.0,0.0,0.005553,phoebus
sequential,10000,0.1,1,80000,0.000010,0.000051,0.0,0.002134,0.0,0.0,0.002195,phoebus
sequential,10000,0.5,1,80000,0.000009,0.000050,0.0,0.004173,0.0,0.0,0.004234,phoebus
sequential,10000,0.9,1,80000,0.000016,0.000058,0.0,0.005533,0.0,0.0,0.005608,phoebus
coarse,100,0.1,4,20000,0.000007,0.000001,0.000102,0.004090,0.000000,0.000000,0.004200,phoebus
coarse,100,0.5,4,20000,0.000007,0.000001,0.000150,0.002258,0.000000,0.000001,0.002417,phoebus
coarse,100,0.9,4,20000,0.000010,0.000001,0.000142,0.002143,0.000000,0.000000,0.002296,phoebus
coarse,1000,0.1,4,20000,0.000009,0.000004,0.000107,0.002042,0.000000,0.000010,0.002172,phoebus
coarse,1000,0.5,4,20000,0.000009,0.000005,0.000321,0.002409,0.000000,0.000001,0.002745,phoebus
coarse,1000,0.9,4,20000,0.000012,0.000004,0.000108,0.002332,0.000000,0.000001,0.002457,phoebus
coarse,10000,0.1,4,20000,0.000009,0.000051,0.000143,0.002258,0.000001,0.000000,0.002462,phoebus
coarse,10000,0.5,4,20000,0.000011,0.000050,0.000285,0.002482,0.000000,0.000000,0.002828,phoebus
coarse,10000,0.9,4,20000,0.000009,0.000049,0.000141,0.002398,0.000000,0.000001,0.002598,phoebus
coarse,100,0.1,4,40000,0.000009,0.000000,0.000144,0.003096,0.000000,0.000000,0.003249,phoebus
coarse,100,0.5,4,40000,0.000008,0.000000,0.000179,0.004617,0.000000,0.000001,0.004805,phoebus
coarse,100,0.9,4,40000,0.000008,0.000001,0.000109,0.004556,0.000000,0.000001,0.004675,phoebus
coarse,1000,0.1,4,40000,0.000011,0.000005,0.000167,0.006869,0.000000,0.000001,0.007053,phoebus
coarse,1000,0.5,4,40000,0.000009,0.000004,0.000149,0.004426,0.000000,0.000000,0.004588,phoebus
coarse,1000,0.9,4,40000,0.000015,0.000004,0.000118,0.004516,0.000000,0.000001,0.004654,phoebus
coarse,10000,0.1,4,40000,0.000009,0.000048,0.000145,0.003802,0.000000,0.000000,0.004004,phoebus
coarse,10000,0.5,4,40000,0.000008,0.000048,0.000167,0.004593,0.000000,0.000000,0.004816,phoebus
coarse,10000,0.9,4,40000,0.000009,0.000050,0.000144,0.004720,0.000000,0.000001,0.004924,phoebus
coarse,100,0.1,4,80000,0.000008,0.000000,0.000098,0.007058,0.000000,0.000001,0.007165,phoebus
coarse,100,0.5,4,80000,0.000008,0.000000,0.000108,0.008665,0.000000,0.000001,0.008782,phoebus
coarse,100,0.9,4,80000,0.000008,0.000001,0.000103,0.009271,0.000000,0.000000,0.009383,phoebus
coarse,1000,0.1,4,80000,0.000009,0.000004,0.000132,0.007806,0.000000,0.000000,0.007951,phoebus
coarse,1000,0.5,4,80000,0.000008,0.000004,0.000109,0.009794,0.000000,0.000001,0.009916,phoebus
coarse,1000,0.9,4,80000,0.000008,0.000004,0.000182,0.009486,0.000000,0.000001,0.009681,phoebus
coarse,10000,0.1,4,80000,0.000009,0.000051,0.000143,0.009209,0.000000,0.000000,0.009412,phoebus
coarse,10000,0.5,4,80000,0.000009,0.000051,0.000127,0.009401,0.000000,0.000000,0.009588,phoebus
coarse,10000,0.9,4,80000,0.000008,0.000051,0.000110,0.009533,0.000000,0.000000,0.009703,phoebus
coarse,100,0.1,8,20000,0.000006,0.000001,0.000226,0.001750,0.000001,0.000000,0.001984,phoebus
coarse,100,0.5,8,20000,0.000007,0.000000,0.000221,0.002266,0.000000,0.000000,0.002494,phoebus
coarse,100,0.9,8,20000,0.000008,0.000000,0.000271,0.002360,0.000000,0.000000,0.002639,phoebus
coarse,1000,0.1,8,20000,0.000009,0.000004,0.000253,0.002231,0.000000,0.000000,0.002497,phoebus
coarse,1000,0.5,8,20000,0.000007,0.000004,0.000238,0.002327,0.000000,0.000001,0.002578,phoebus
coarse,1000,0.9,8,20000,0.000040,0.000004,0.000215,0.002267,0.000000,0.000000,0.002526,phoebus
coarse,10000,0.1,8,20000,0.000010,0.000048,0.000446,0.001859,0.000000,0.000001,0.002364,phoebus
coarse,10000,0.5,8,20000,0.000010,0.000051,0.000226,0.002584,0.000000,0.000000,0.002871,phoebus
coarse,10000,0.9,8,20000,0.000009,0.000051,0.000235,0.002598,0.000000,0.000001,0.002894,phoebus
coarse,100,0.1,8,40000,0.000007,0.000001,0.000382,0.003471,0.000000,0.000000,0.003861,phoebus
coarse,100,0.5,8,40000,0.000006,0.000001,0.000220,0.004761,0.000000,0.000000,0.004988,phoebus
coarse,100,0.9,8,40000,0.000007,0.000001,0.000217,0.004685,0.000000,0.000000,0.004910,phoebus
coarse,1000,0.1,8,40000,0.000013,0.000006,0.000369,0.004269,0.000000,0.000001,0.004658,phoebus
coarse,1000,0.5,8,40000,0.000012,0.000004,0.000505,0.004746,0.000000,0.000000,0.005267,phoebus
coarse,1000,0.9,8,40000,0.000012,0.000004,0.000235,0.004483,0.000000,0.000001,0.004735,phoebus
coarse,10000,0.1,8,40000,0.000009,0.000049,0.000286,0.004751,0.000000,0.000001,0.005096,phoebus
coarse,10000,0.5,8,40000,0.000011,0.000050,0.000347,0.005169,0.000000,0.000000,0.005577,phoebus
coarse,10000,0.9,8,40000,0.000010,0.000053,0.000221,0.004623,0.000000,0.000000,0.004907,phoebus
coarse,100,0.1,8,80000,0.000006,0.000001,0.000231,0.008318,0.000000,0.000000,0.008556,phoebus
coarse,100,0.5,8,80000,0.000007,0.000001,0.000170,0.013443,0.000000,0.000000,0.013621,phoebus
coarse,100,0.9,8,80000,0.000007,0.000001,0.000221,0.010060,0.000000,0.000000,0.010289,phoebus
coarse,1000,0.1,8,80000,0.000012,0.000004,0.000228,0.009138,0.000000,0.000001,0.009383,phoebus
coarse,1000,0.5,8,80000,0.000008,0.000004,0.000275,0.010556,0.000000,0.000001,0.010844,phoebus
coarse,1000,0.9,8,80000,0.000008,0.000004,0.000275,0.010012,0.000000,0.000001,0.010300,phoebus
coarse,10000,0.1,8,80000,0.000011,0.000049,0.000270,0.009050,0.000000,0.000000,0.009380,phoebus
coarse,10000,0.5,8,80000,0.000010,0.000052,0.000305,0.010854,0.000000,0.000001,0.011222,phoebus
coarse,10000,0.9,8,80000,0.000009,0.000049,0.000524,0.009910,0.000000,0.000001,0.010494,phoebus
fine,100,0.1,4,20000,0.000009,0.000002,0.000103,0.001200,0.000000,0.000000,0.001314,phoebus
fine,100,0.5,4,20000,0.000007,0.000002,0.000102,0.001024,0.000001,0.000000,0.001136,phoebus
fine,100,0.9,4,20000,0.000008,0.000002,0.000130,0.000743,0.000000,0.000000,0.000883,phoebus
fine,1000,0.1,4,20000,0.000008,0.000020,0.000149,0.000596,0.000003,0.000000,0.000777,phoebus
fine,1000,0.5,4,20000,0.000009,0.000017,0.000105,0.000686,0.000003,0.000000,0.000820,phoebus
fine,1000,0.9,4,20000,0.000009,0.000020,0.000117,0.000768,0.000003,0.000000,0.000917,phoebus
fine,10000,0.1,4,20000,0.000010,0.000215,0.000229,0.000551,0.000051,0.000000,0.001056,phoebus
fine,10000,0.5,4,20000,0.000009,0.000199,0.000118,0.000730,0.000046,0.000001,0.001103,phoebus
fine,10000,0.9,4,20000,0.000008,0.000244,0.000132,0.000754,0.000050,0.000000,0.001188,phoebus
fine,100,0.1,4,40000,0.000008,0.000002,0.000121,0.002509,0.000005,0.000000,0.002645,phoebus
fine,100,0.5,4,40000,0.000007,0.000002,0.000154,0.005143,0.000000,0.000000,0.005306,phoebus
fine,100,0.9,4,40000,0.000012,0.000003,0.000220,0.005719,0.000002,0.000000,0.005956,phoebus
fine,1000,0.1,4,40000,0.000054,0.000023,0.000161,0.001301,0.000003,0.000000,0.001542,phoebus
fine,1000,0.5,4,40000,0.000011,0.000021,0.000203,0.001571,0.000002,0.000000,0.001808,phoebus
fine,1000,0.9,4,40000,0.000010,0.000019,0.000179,0.002876,0.000003,0.000000,0.003087,phoebus
fine,10000,0.1,4,40000,0.000011,0.000304,0.000818,0.001003,0.000062,0.000000,0.002198,phoebus
fine,10000,0.5,4,40000,0.000010,0.000209,0.000143,0.001332,0.000059,0.000000,0.001753,phoebus
fine,10000,0.9,4,40000,0.000009,0.000198,0.000124,0.001583,0.000059,0.000001,0.001974,phoebus
fine,100,0.1,4,80000,0.000007,0.000002,0.000114,0.005806,0.000001,0.000000,0.005930,phoebus
fine,100,0.5,4,80000,0.000008,0.000003,0.000148,0.004538,0.000001,0.000000,0.004698,phoebus
fine,100,0.9,4,80000,0.000009,0.000006,0.000139,0.003922,0.000001,0.000000,0.004077,phoebus
fine,1000,0.1,4,80000,0.000009,0.000018,0.000199,0.002489,0.000003,0.000000,0.002718,phoebus
fine,1000,0.5,4,80000,0.000009,0.000030,0.000133,0.002628,0.000002,0.000000,0.002802,phoebus
fine,1000,0.9,4,80000,0.000009,0.000020,0.000105,0.002805,0.000003,0.000000,0.002942,phoebus
fine,10000,0.1,4,80000,0.000011,0.000205,0.000155,0.002233,0.000047,0.000000,0.002651,phoebus
fine,10000,0.5,4,80000,0.000010,0.000201,0.000109,0.005742,0.000070,0.000000,0.006132,phoebus
fine,10000,0.9,4,80000,0.000024,0.000197,0.000155,0.003157,0.000055,0.000001,0.003589,phoebus
fine,100,0.1,8,20000,0.000010,0.000002,0.000378,0.001421,0.000000,0.000000,0.001811,phoebus
fine,100,0.5,8,20000,0.000007,0.000002,0.000248,0.000919,0.000000,0.000000,0.001177,phoebus
fine,100,0.9,8,20000,0.000008,0.000002,0.000214,0.000927,0.000000,0.000000,0.001151,phoebus
fine,1000,0.1,8,20000,0.000011,0.000019,0.000388,0.000655,0.000002,0.000000,0.001075,phoebus
fine,1000,0.5,8,20000,0.000009,0.000021,0.000603,0.000309,0.000002,0.000000,0.000944,phoebus
fine,1000,0.9,8,20000,0.000008,0.000018,0.000216,0.000652,0.000002,0.000000,0.000896,phoebus
fine,10000,0.1,8,20000,0.000013,0.000199,0.000962,0.000338,0.000061,0.000001,0.001574,phoebus
fine,10000,0.5,8,20000,0.000010,0.000198,0.000628,0.000328,0.000045,0.000000,0.001209,phoebus
fine,10000,0.9,8,20000,0.000009,0.000202,0.000654,0.000342,0.000049,0.000000,0.001256,phoebus
fine,100,0.1,8,40000,0.000008,0.000003,0.000222,0.003579,0.000001,0.000000,0.003813,phoebus
fine,100,0.5,8,40000,0.000007,0.000002,0.000405,0.002166,0.000001,0.000000,0.002581,phoebus
fine,100,0.9,8,40000,0.000007,0.000002,0.000199,0.001686,0.000001,0.000000,0.001895,phoebus
fine,1000,0.1,8,40000,0.000010,0.000022,0.000427,0.001296,0.000003,0.000000,0.001758,phoebus
fine,1000,0.5,8,40000,0.000010,0.000018,0.000928,0.000646,0.000002,0.000000,0.001604,phoebus
fine,1000,0.9,8,40000,0.000008,0.000022,0.000273,0.001251,0.000003,0.000000,0.001557,phoebus
fine,10000,0.1,8,40000,0.000010,0.000208,0.000881,0.000612,0.000066,0.000000,0.001777,phoebus
fine,10000,0.5,8,40000,0.000012,0.000208,0.000892,0.000910,0.000077,0.000001,0.002100,phoebus
fine,10000,0.9,8,40000,0.000015,0.000208,0.001073,0.000609,0.000050,0.000001,0.001956,phoebus
fine,100,0.1,8,80000,0.000012,0.000002,0.000366,0.006836,0.000001,0.000000,0.007217,phoebus
fine,100,0.5,8,80000,0.000008,0.000002,0.000352,0.004576,0.000001,0.000000,0.004939,phoebus
fine,100,0.9,8,80000,0.000008,0.000002,0.000803,0.002249,0.000000,0.000001,0.003063,phoebus
fine,1000,0.1,8,80000,0.000009,0.000018,0.000255,0.002344,0.000002,0.000000,0.002628,phoebus
fine,1000,0.5,8,80000,0.000010,0.000018,0.000424,0.002363,0.000002,0.000001,0.002818,phoebus
fine,1000,0.9,8,80000,0.000008,0.000021,0.000191,0.002957,0.000002,0.000000,0.003179,phoebus
fine,10000,0.1,8,80000,0.000010,0.000216,0.001102,0.002839,0.000048,0.000000,0.004215,phoebus
fine,10000,0.5,8,80000,0.000010,0.000216,0.001723,0.001134,0.000058,0.000000,0.003141,phoebus
fine,10000,0.9,8,80000,0.000010,0.000206,0.001609,0.001499,0.000056,0.000001,0.003381,phoebus
rwlock,100,0.1,4,20000,0.000011,0.000003,0.000159,0.001576,0.000000,0.000001,0.001750,phoebus
rwlock,100,0.5,4,20000,0.000009,0.000004,0.000139,0.001568,0.000001,0.000000,0.001721,phoebus
rwlock,100,0.9,4,20000,0.000009,0.000003,0.000210,0.000977,0.000001,0.000000,0.001200,phoebus
rwlock,1000,0.1,4,20000,0.000013,0.000029,0.000234,0.000738,0.000002,0.000000,0.001016,phoebus
rwlock,1000,0.5,4,20000,0.000009,0.000023,0.000160,0.000781,0.000002,0.000000,0.000975,phoebus
rwlock,1000,0.9,4,20000,0.000009,0.000020,0.000099,0.000728,0.000002,0.000000,0.000858,phoebus
rwlock,10000,0.1,4,20000,0.000012,0.000307,0.000125,0.000760,0.000047,0.000001,0.001252,phoebus
rwlock,10000,0.5,4,20000,0.000008,0.000249,0.000100,0.000723,0.000047,0.000001,0.001128,phoebus
rwlock,10000,0.9,4,20000,0.000008,0.000233,0.000123,0.000642,0.000043,0.000001,0.001050,phoebus
rwlock,100,0.1,4,40000,0.000007,0.000002,0.000098,0.002782,0.000000,0.000001,0.002890,phoebus
rwlock,100,0.5,4,40000,0.000007,0.000004,0.000100,0.002767,0.000000,0.000000,0.002878,phoebus
rwlock,100,0.9,4,40000,0.000008,0.000002,0.000098,0.002594,0.000001,0.000000,0.002703,phoebus
rwlock,1000,0.1,4,40000,0.000014,0.000024,0.000268,0.001519,0.000001,0.000001,0.001827,phoebus
rwlock,1000,0.5,4,40000,0.000012,0.000024,0.000100,0.001445,0.000002,0.000000,0.001583,phoebus
rwlock,1000,0.9,4,40000,0.000008,0.000021,0.000098,0.001375,0.000002,0.000000,0.001504,phoebus
rwlock,10000,0.1,4,40000,0.000009,0.000349,0.000106,0.001785,0.000058,0.000001,0.002308,phoebus
rwlock,10000,0.5,4,40000,0.000008,0.000267,0.000220,0.001624,0.000099,0.000000,0.002218,phoebus
rwlock,10000,0.9,4,40000,0.000009,0.000247,0.000143,0.001329,0.000055,0.000000,0.001783,phoebus
rwlock,100,0.1,4,80000,0.000008,0.000002,0.000097,0.005914,0.000001,0.000000,0.006022,phoebus
rwlock,100,0.5,4,80000,0.000008,0.000004,0.000177,0.005912,0.000001,0.000000,0.006102,phoebus
rwlock,100,0.9,4,80000,0.000008,0.000002,0.000101,0.003193,0.000001,0.000000,0.003305,phoebus
rwlock,1000,0.1,4,80000,0.000009,0.000022,0.000135,0.002785,0.000001,0.000001,0.002953,phoebus
rwlock,1000,0.5,4,80000,0.000010,0.000023,0.000108,0.002848,0.000001,0.000000,0.002990,phoebus
rwlock,1000,0.9,4,80000,0.000009,0.000024,0.000116,0.003379,0.000002,0.000000,0.003530,phoebus
rwlock,10000,0.1,4,80000,0.000010,0.000304,0.000152,0.002543,0.000051,0.000000,0.003060,phoebus
rwlock,10000,0.5,4,80000,0.000009,0.000292,0.000333,0.003857,0.000059,0.000001,0.004551,phoebus
rwlock,10000,0.9,4,80000,0.000010,0.000276,0.000211,0.003278,0.000061,0.000001,0.003837,phoebus
rwlock,100,0.1,8,20000,0.000008,0.000003,0.000257,0.002108,0.000001,0.000000,0.002377,phoebus
rwlock,100,0.5,8,20000,0.000009,0.000004,0.000255,0.004903,0.000001,0.000000,0.005172,phoebus
rwlock,100,0.9,8,20000,0.000008,0.000002,0.000225,0.002746,0.000001,0.000000,0.002982,phoebus
rwlock,1000,0.1,8,20000,0.000009,0.000021,0.000260,0.000725,0.000001,0.000001,0.001017,phoebus
rwlock,1000,0.5,8,20000,0.000008,0.000023,0.000239,0.000730,0.000002,0.000000,0.001002,phoebus
rwlock,1000,0.9,8,20000,0.000009,0.000020,0.000250,0.000720,0.000002,0.000000,0.001002,phoebus
rwlock,10000,0.1,8,20000,0.000013,0.000242,0.000639,0.000351,0.000039,0.000001,0.001285,phoebus
rwlock,10000,0.5,8,20000,0.000013,0.000243,0.000710,0.000377,0.000050,0.000000,0.001393,phoebus
rwlock,10000,0.9,8,20000,0.000010,0.000278,0.000610,0.000370,0.000040,0.000001,0.001309,phoebus
rwlock,100,0.1,8,40000,0.000009,0.000002,0.000235,0.006569,0.000001,0.000000,0.006816,phoebus
rwlock,100,0.5,8,40000,0.000008,0.000004,0.000247,0.007815,0.000002,0.000000,0.008076,phoebus
rwlock,100,0.9,8,40000,0.000008,0.000002,0.000505,0.002107,0.000001,0.000000,0.002623,phoebus
rwlock,1000,0.1,8,40000,0.000009,0.000021,0.000655,0.001181,0.000002,0.000000,0.001868,phoebus
rwlock,1000,0.5,8,40000,0.000016,0.000044,0.000897,0.001032,0.000002,0.000000,0.001991,phoebus
rwlock,1000,0.9,8,40000,0.000011,0.000025,0.001115,0.000697,0.000002,0.000000,0.001850,phoebus
rwlock,10000,0.1,8,40000,0.000010,0.000240,0.000777,0.000707,0.000048,0.000000,0.001782,phoebus
rwlock,10000,0.5,8,40000,0.000013,0.000291,0.000830,0.000710,0.000056,0.000000,0.001900,phoebus
rwlock,10000,0.9,8,40000,0.000010,0.000263,0.000783,0.000692,0.000053,0.000001,0.001802,phoebus
rwlock,100,0.1,8,80000,0.000011,0.000003,0.000424,0.014193,0.000001,0.000000,0.014632,phoebus
rwlock,100,0.5,8,80000,0.000008,0.000004,0.000244,0.008031,0.000001,0.000000,0.008288,phoebus
rwlock,100,0.9,8,80000,0.000007,0.000002,0.000228,0.006477,0.000001,0.000000,0.006715,phoebus
rwlock,1000,0.1,8,80000,0.000010,0.000023,0.000844,0.005172,0.000002,0.000000,0.006051,phoebus
rwlock,1000,0.5,8,80000,0.000008,0.000024,0.001267,0.002617,0.000002,0.000000,0.003918,phoebus
rwlock,1000,0.9,8,80000,0.000010,0.000022,0.000493,0.002546,0.000002,0.000000,0.003073,phoebus
rwlock,10000,0.1,8,80000,0.000013,0.000236,0.001587,0.001189,0.000058,0.000001,0.003084,phoebus
rwlock,10000,0.5,8,80000,0.000010,0.000247,0.001881,0.001247,0.000051,0.000000,0.003436,phoebus
rwlock,10000,0.9,8,80000,0.000012,0.000243,0.001242,0.001743,0.000044,0.000000,0.003284,phoebus
sequential,100,0.1,1,20000,0.000009,0.000001,0.0,0.000478,0.0,0.0,0.000488,phoebus
sequential,100,0.5,1,20000,0.000009,0.000000,0.0,0.001074,0.0,0.0,0.001083,phoebus
sequential,100,0.9,1,20000,0.000009,0.000000,0.0,0.001603,0.0,0.0,0.001612,phoebus
sequential,1000,0.1,1,20000,0.000010,0.000005,0.0,0.000502,0.0,0.0,0.000517,phoebus
sequential,1000,0.5,1,20000,0.000008,0.000004,0.0,0.001306,0.0,0.0,0.001318,phoebus
sequential,1000,0.9,1,20000,0.000013,0.000004,0.0,0.002562,0.0,0.0,0.002579,phoebus
sequential,10000,0.1,1,20000,0.000025,0.000059,0.0,0.000681,0.0,0.0,0.000766,phoebus
sequential,10000,0.5,1,20000,0.000011,0.000063,0.0,0.001710,0.0,0.0,0.001784,phoebus
sequential,10000,0.9,1,20000,0.000011,0.000063,0.0,0.001417,0.0,0.0,0.001493,phoebus
sequential,100,0.1,1,40000,0.000011,0.000001,0.0,0.000990,0.0,0.0,0.001002,phoebus
sequential,100,0.5,1,40000,0.000009,0.000001,0.0,0.002015,0.0,0.0,0.002025,phoebus
sequential,100,0.9,1,40000,0.000008,0.000000,0.0,0.002956,0.0,0.0,0.002965,phoebus
sequential,1000,0.1,1,40000,0.000011,0.000004,0.0,0.001049,0.0,0.0,0.001065,phoebus
sequential,1000,0.5,1,40000,0.000009,0.000004,0.0,0.001994,0.0,0.0,0.002008,phoebus
sequential,1000,0.9,1,40000,0.000012,0.000005,0.0,0.003383,0.0,0.0,0.003401,phoebus
sequential,10000,0.1,1,40000,0.000010,0.000050,0.0,0.009948,0.0,0.0,0.010009,phoebus
sequential,10000,0.5,1,40000,0.000013,0.000064,0.0,0.003173,0.0,0.0,0.003251,phoebus
sequential,10000,0.9,1,40000,0.000020,0.000065,0.0,0.003804,0.0,0.0,0.003891,phoebus
sequential,100,0.1,1,80000,0.000012,0.000001,0.0,0.002492,0.0,0.0,0.002505,phoebus
sequential,100,0.5,1,80000,0.000009,0.000000,0.0,0.004077,0.0,0.0,0.004087,phoebus
sequential,100,0.9,1,80000,0.000008,0.000001,0.0,0.005580,0.0,0.0,0.005590,phoebus
sequential,1000,0.1,1,80000,0.000008,0.000013,0.0,0.002175,0.0,0.0,0.002196,phoebus
sequential,1000,0.5,1,80000,0.000011,0.000005,0.0,0.004422,0.0,0.0,0.004440,phoebus
sequential,1000,0.9,1,80000,0.000010,0.000004,0.0,0.005429,0.0,0.0,0.005444,phoebus
sequential,10000,0.1,1,80000,0.000009,0.000051,0.0,0.001885,0.0,0.0,0.001946,phoebus
sequential,10000,0.5,1,80000,0.000013,0.000048,0.0,0.004079,0.0,0.0,0.004140,phoebus
sequential,10000,0.9,1,80000,0.000009,0.000048,0.0,0.006142,0.0,0.0,0.006200,phoebus
coarse,100,0.1,4,20000,0.000009,0.000001,0.000273,0.001403,0.000000,0.000000,0.001686,phoebus
coarse,100,0.5,4,20000,0.000009,0.000000,0.000149,0.001889,0.000000,0.000001,0.002048,phoebus
coarse,100,0.9,4,20000,0.000008,0.000000,0.000121,0.002198,0.000000,0.000000,0.002327,phoebus
coarse,1000,0.1,4,20000,0.000009,0.000005,0.000100,0.002003,0.000000,0.000000,0.002117,phoebus
coarse,1000,0.5,4,20000,0.000008,0.000005,0.000143,0.002444,0.000000,0.000001,0.002601,phoebus
coarse,1000,0.9,4,20000,0.000009,0.000004,0.000257,0.002195,0.000000,0.000000,0.002465,phoebus
coarse,10000,0.1,4,20000,0.000009,0.000049,0.000128,0.001846,0.000000,0.000000,0.002032,phoebus
coarse,10000,0.5,4,20000,0.000010,0.000052,0.000188,0.002280,0.000000,0.000000,0.002530,phoebus
coarse,10000,0.9,4,20000,0.000011,0.000051,0.000171,0.002603,0.000000,0.000000,0.002836,phoebus
coarse,100,0.1,4,40000,0.000007,0.000000,0.000107,0.003758,0.000000,0.000000,0.003872,phoebus
coarse,100,0.5,4,40000,0.000008,0.000000,0.000104,0.004447,0.000000,0.000000,0.004559,phoebus
coarse,100,0.9,4,40000,0.000008,0.000000,0.000102,0.004199,0.000001,0.000000,0.004310,phoebus
coarse,1000,0.1,4,40000,0.000008,0.000004,0.000126,0.003562,0.000000,0.000000,0.003700,phoebus
coarse,1000,0.5,4,40000,0.000008,0.000004,0.000114,0.004775,0.000001,0.000000,0.004902,phoebus
coarse,1000,0.9,4,40000,0.000010,0.000004,0.000141,0.004660,0.000000,0.000000,0.004815,phoebus
coarse,10000,0.1,4,40000,0.000008,0.000049,0.000122,0.003676,0.000000,0.000001,0.003856,phoebus
coarse,10000,0.5,4,40000,0.000009,0.000054,0.000138,0.004810,0.000000,0.000000,0.005011,phoebus
coarse,10000,0.9,4,40000,0.000008,0.000049,0.000100,0.004497,0.000000,0.000000,0.004654,phoebus
coarse,100,0.1,4,80000,0.000007,0.000001,0.000095,0.007127,0.000000,0.000000,0.007230,phoebus
coarse,100,0.5,4,80000,0.000008,0.000001,0.000151,0.010135,0.000000,0.000000,0.010295,phoebus
coarse,100,0.9,4,80000,0.000007,0.000001,0.000112,0.008887,0.000000,0.000000,0.009007,phoebus
coarse,1000,0.1,4,80000,0.000008,0.000006,0.000136,0.007813,0.000000,0.000000,0.007963,phoebus
coarse,1000,0.5,4,80000,0.000009,0.000004,0.000101,0.008737,0.000000,0.000001,0.008852,phoebus
coarse,1000,0.9,4,80000,0.000009,0.000004,0.000139,0.009192,0.000000,0.000001,0.009345,phoebus
coarse,10000,0.1,4,80000,0.000009,0.000049,0.000133,0.008482,0.000000,0.000001,0.008674,phoebus
coarse,10000,0.5,4,80000,0.000009,0.000048,0.000103,0.009363,0.000000,0.000000,0.009523,phoebus
coarse,10000,0.9,4,80000,0.000013,0.000070,0.000097,0.009383,0.000000,0.000000,0.009563,phoebus
coarse,100,0.1,8,20000,0.000010,0.000000,0.000301,0.001979,0.000000,0.000000,0.002290,phoebus
coarse,100,0.5,8,20000,0.000009,0.000001,0.000379,0.002140,0.000000,0.000000,0.002529,phoebus
coarse,100,0.9,8,20000,0.000007,0.000001,0.000337,0.002199,0.000000,0.000000,0.002544,phoebus
coarse,1000,0.1,8,20000,0.000009,0.000005,0.000328,0.002242,0.000000,0.000001,0.002586,phoebus
coarse,1000,0.5,8,20000,0.000009,0.000004,0.000258,0.002579,0.000000,0.000001,0.002851,phoebus
coarse,1000,0.9,8,20000,0.000009,0.000004,0.000273,0.002414,0.000000,0.000000,0.002700,phoebus
coarse,10000,0.1,8,20000,0.000009,0.000051,0.000247,0.001964,0.000000,0.000001,0.002272,phoebus
coarse,10000,0.5,8,20000,0.000010,0.000050,0.000272,0.002597,0.000000,0.000000,0.002929,phoebus
coarse,10000,0.9,8,20000,0.000009,0.000049,0.000253,0.002550,0.000000,0.000001,0.002862,phoebus
coarse,100,0.1,8,40000,0.000007,0.000001,0.000210,0.003962,0.000000,0.000000,0.004180,phoebus
coarse,100,0.5,8,40000,0.000007,0.000001,0.000335,0.004332,0.000000,0.000000,0.004675,phoebus
coarse,100,0.9,8,40000,0.000007,0.000000,0.000175,0.004645,0.000000,0.000001,0.004828,phoebus
coarse,1000,0.1,8,40000,0.000012,0.000004,0.000213,0.004156,0.000000,0.000000,0.004385,phoebus
coarse,1000,0.5,8,40000,0.000010,0.000004,0.000226,0.004991,0.000000,0.000000,0.005231,phoebus
coarse,1000,0.9,8,40000,0.000008,0.000004,0.000209,0.004857,0.000000,0.000000,0.005078,phoebus
coarse,10000,0.1,8,40000,0.000010,0.000050,0.000357,0.004706,0.000000,0.000001,0.005124,phoebus
coarse,10000,0.5,8,40000,0.000010,0.000049,0.000204,0.004955,0.000000,0.000001,0.005219,phoebus
coarse,10000,0.9,8,40000,0.000012,0.000049,0.000341,0.005121,0.000000,0.000000,0.005524,phoebus
coarse,100,0.1,8,80000,0.000007,0.000001,0.000254,0.008342,0.000000,0.000001,0.008605,phoebus
coarse,100,0.5,8,80000,0.000007,0.000001,0.000248,0.009853,0.000000,0.000000,0.010109,phoebus
coarse,100,0.9,8,80000,0.000007,0.000001,0.000204,0.009740,0.000000,0.000000,0.009952,phoebus
coarse,1000,0.1,8,80000,0.000010,0.000004,0.000217,0.008512,0.000000,0.000000,0.008743,phoebus
coarse,1000,0.5,8,80000,0.000009,0.000004,0.000233,0.010260,0.000000,0.000001,0.010507,phoebus
coarse,1000,0.9,8,80000,0.000009,0.000004,0.000237,0.010286,0.000000,0.000000,0.010536,phoebus
coarse,10000,0.1,8,80000,0.000010,0.000051,0.000218,0.010182,0.000000,0.000000,0.010461,phoebus
coarse,10000,0.5,8,80000,0.000010,0.000049,0.000378,0.011076,0.000000,0.000001,0.011514,phoebus
coarse,10000,0.9,8,80000,0.000010,0.000050,0.000285,0.010054,0.000000,0.000000,0.010400,phoebus
fine,100,0.1,4,20000,0.000007,0.000002,0.000101,0.001276,0.000001,0.000000,0.001387,phoebus
fine,100,0.5,4,20000,0.000007,0.000003,0.000142,0.000905,0.000000,0.000000,0.001057,phoebus
fine,100,0.9,4,20000,0.000007,0.000003,0.000109,0.000733,0.000001,0.000000,0.000853,phoebus
fine,1000,0.1,4,20000,0.000010,0.000017,0.000120,0.000596,0.000002,0.000000,0.000745,phoebus
fine,1000,0.5,4,20000,0.000008,0.000017,0.000096,0.000618,0.000003,0.000000,0.000742,phoebus
fine,1000,0.9,4,20000,0.000009,0.000017,0.000096,0.000627,0.000002,0.000000,0.000751,phoebus
fine,10000,0.1,4,20000,0.000013,0.000199,0.000104,0.000658,0.000048,0.000001,0.001023,phoebus
fine,10000,0.5,4,20000,0.000009,0.000201,0.000148,0.000682,0.000053,0.000000,0.001093,phoebus
fine,10000,0.9,4,20000,0.000008,0.000201,0.000130,0.000723,0.000049,0.000000,0.001111,phoebus
fine,100,0.1,4,40000,0.000009,0.000002,0.000118,0.003794,0.000001,0.000000,0.003924,phoebus
fine,100,0.5,4,40000,0.000007,0.000006,0.000113,0.001907,0.000000,0.000000,0.002033,phoebus
fine,100,0.9,4,40000,0.000008,0.000009,0.000111,0.001694,0.000001,0.000000,0.001823,phoebus
fine,1000,0.1,4,40000,0.000009,0.000019,0.000137,0.001474,0.000003,0.000000,0.001642,phoebus
fine,1000,0.5,4,40000,0.000010,0.000017,0.000125,0.001463,0.000004,0.000000,0.001620,phoebus
fine,1000,0.9,4,40000,0.000009,0.000018,0.002534,0.000786,0.000003,0.000000,0.003350,phoebus
fine,10000,0.1,4,40000,0.000009,0.000211,0.000134,0.001536,0.000054,0.000000,0.001944,phoebus
fine,10000,0.5,4,40000,0.000009,0.000193,0.000134,0.001134,0.000052,0.000000,0.001522,phoebus
fine,10000,0.9,4,40000,0.000009,0.000206,0.001417,0.001038,0.000061,0.000001,0.002732,phoebus
fine,100,0.1,4,80000,0.000009,0.000002,0.000142,0.006679,0.000001,0.000000,0.006833,phoebus
fine,100,0.5,4,80000,0.000008,0.000002,0.000135,0.005308,0.000001,0.000000,0.005454,phoebus
fine,100,0.9,4,80000,0.000009,0.000002,0.000128,0.004000,0.000001,0.000000,0.004140,phoebus
fine,1000,0.1,4,80000,0.000010,0.000018,0.000108,0.002325,0.000003,0.000000,0.002464,phoebus
fine,1000,0.5,4,80000,0.000009,0.000020,0.000101,0.003389,0.000002,0.000000,0.003521,phoebus
fine,1000,0.9,4,80000,0.000009,0.000018,0.000101,0.002927,0.000002,0.000000,0.003057,phoebus
fine,10000,0.1,4,80000,0.000009,0.000205,0.000110,0.002188,0.000049,0.000000,0.002561,phoebus
fine,10000,0.5,4,80000,0.000009,0.000210,0.000107,0.003098,0.000053,0.000000,0.003477,phoebus
fine,10000,0.9,4,80000,0.000009,0.000215,0.000170,0.003188,0.000053,0.000000,0.003635,phoebus
fine,100,0.1,8,20000,0.000010,0.000003,0.000464,0.001680,0.000000,0.000000,0.002157,phoebus
fine,100,0.5,8,20000,0.000009,0.000002,0.000232,0.001192,0.000001,0.000000,0.001436,phoebus
fine,100,0.9,8,20000,0.000007,0.000002,0.000662,0.000232,0.000001,0.000000,0.000904,phoebus
fine,1000,0.1,8,20000,0.000009,0.000020,0.000199,0.000718,0.000002,0.000000,0.000948,phoebus
fine,1000,0.5,8,20000,0.000008,0.000018,0.000198,0.000751,0.000002,0.000000,0.000977,phoebus
fine,1000,0.9,8,20000,0.000009,0.000019,0.000591,0.000389,0.000002,0.000000,0.001010,phoebus
fine,10000,0.1,8,20000,0.000013,0.000199,0.000546,0.000262,0.000048,0.000001,0.001069,phoebus
fine,10000,0.5,8,20000,0.000010,0.000250,0.000584,0.000359,0.000047,0.000000,0.001250,phoebus
fine,10000,0.9,8,20000,0.000010,0.000204,0.000633,0.000331,0.000047,0.000000,0.001225,phoebus
fine,100,0.1,8,40000,0.000007,0.000003,0.000277,0.002794,0.000001,0.000000,0.003082,phoebus
fine,100,0.5,8,40000,0.000011,0.000004,0.000433,0.002213,0.000001,0.000000,0.002662,phoebus
fine,100,0.9,8,40000,0.000015,0.000003,0.001725,0.000633,0.000001,0.000000,0.002377,phoebus
fine,1000,0.1,8,40000,0.000012,0.000018,0.000717,0.001064,0.000003,0.000000,0.001814,phoebus
fine,1000,0.5,8,40000,0.000008,0.000018,0.001057,0.000721,0.000003,0.000000,0.001807,phoebus
fine,1000,0.9,8,40000,0.000010,0.000023,0.000784,0.000699,0.000002,0.000000,0.001518,phoebus
fine,10000,0.1,8,40000,0.000010,0.000199,0.000908,0.000556,0.000048,0.000000,0.001721,phoebus
fine,10000,0.5,8,40000,0.000010,0.000206,0.000906,0.000674,0.000056,0.000000,0.001852,phoebus
fine,10000,0.9,8,40000,0.000010,0.000379,0.001063,0.000861,0.000059,0.000001,0.002373,phoebus
fine,100,0.1,8,80000,0.000009,0.000003,0.000417,0.007838,0.000001,0.000000,0.008268,phoebus
fine,100,0.5,8,80000,0.000011,0.000003,0.000219,0.007070,0.000001,0.000000,0.007304,phoebus
fine,100,0.9,8,80000,0.000007,0.000003,0.000199,0.005129,0.000001,0.000000,0.005339,phoebus
fine,1000,0.1,8,80000,0.000010,0.000018,0.000533,0.002460,0.000002,0.000001,0.003024,phoebus
fine,1000,0.5,8,80000,0.000010,0.000021,0.001182,0.004728,0.000003,0.000000,0.005944,phoebus
fine,1000,0.9,8,80000,0.000012,0.000018,0.001488,0.001373,0.000002,0.000000,0.002893,phoebus
fine,10000,0.1,8,80000,0.000011,0.002586,0.000801,0.011710,0.000047,0.000001,0.015157,phoebus
fine,10000,0.5,8,80000,0.000010,0.000211,0.000263,0.002499,0.000057,0.000000,0.003040,phoebus
fine,10000,0.9,8,80000,0.000012,0.000208,0.001718,0.001224,0.000045,0.000000,0.003207,phoebus
rwlock,100,0.1,4,20000,0.000008,0.000002,0.000156,0.003580,0.000001,0.000000,0.003747,phoebus
rwlock,100,0.5,4,20000,0.000010,0.000004,0.000177,0.001579,0.000000,0.000000,0.001770,phoebus
rwlock,100,0.9,4,20000,0.000008,0.000002,0.000143,0.001479,0.000001,0.000000,0.001633,phoebus
rwlock,1000,0.1,4,20000,0.000018,0.000023,0.000137,0.000752,0.000002,0.000000,0.000932,phoebus
rwlock,1000,0.5,4,20000,0.000008,0.000024,0.000099,0.000727,0.000002,0.000000,0.000860,phoebus
rwlock,1000,0.9,4,20000,0.000010,0.000021,0.000137,0.000843,0.000002,0.000000,0.001013,phoebus
rwlock,10000,0.1,4,20000,0.000011,0.000269,0.000110,0.000762,0.000055,0.000001,0.001208,phoebus
rwlock,10000,0.5,4,20000,0.000010,0.000234,0.000099,0.000762,0.000042,0.000000,0.001147,phoebus
rwlock,10000,0.9,4,20000,0.000008,0.000241,0.000162,0.001302,0.000056,0.000000,0.001769,phoebus
rwlock,100,0.1,4,40000,0.000007,0.000003,0.000130,0.002680,0.000000,0.000000,0.002820,phoebus
rwlock,100,0.5,4,40000,0.000007,0.000004,0.000093,0.004808,0.000001,0.000000,0.004913,phoebus
rwlock,100,0.9,4,40000,0.000010,0.000003,0.000199,0.001791,0.000001,0.000000,0.002004,phoebus
rwlock,1000,0.1,4,40000,0.000009,0.000023,0.000182,0.001556,0.000002,0.000001,0.001773,phoebus
rwlock,1000,0.5,4,40000,0.000009,0.000025,0.000178,0.001762,0.000002,0.000000,0.001976,phoebus
rwlock,1000,0.9,4,40000,0.000009,0.000022,0.000139,0.001694,0.000002,0.000000,0.001867,phoebus
rwlock,10000,0.1,4,40000,0.000009,0.000238,0.000124,0.001247,0.000043,0.000001,0.001662,phoebus
rwlock,10000,0.5,4,40000,0.000018,0.000264,0.000175,0.001644,0.000054,0.000000,0.002155,phoebus
rwlock,10000,0.9,4,40000,0.000144,0.000258,0.000102,0.001865,0.000057,0.000000,0.002426,phoebus
rwlock,100,0.1,4,80000,0.000009,0.000002,0.000121,0.006130,0.000001,0.000000,0.006263,phoebus
rwlock,100,0.5,4,80000,0.000009,0.000004,0.000176,0.006901,0.000001,0.000000,0.007091,phoebus
rwlock,100,0.9,4,80000,0.000009,0.000002,0.000205,0.003703,0.000000,0.000000,0.003919,phoebus
rwlock,1000,0.1,4,80000,0.000010,0.000022,0.000148,0.002780,0.000002,0.000001,0.002963,phoebus
rwlock,1000,0.5,4,80000,0.000010,0.000026,0.000103,0.002967,0.000002,0.000000,0.003108,phoebus
rwlock,1000,0.9,4,80000,0.000009,0.000024,0.000115,0.003392,0.000002,0.000000,0.003542,phoebus
rwlock,10000,0.1,4,80000,0.000012,0.000265,0.000193,0.002918,0.000051,0.000001,0.003440,phoebus
rwlock,10000,0.5,4,80000,0.000009,0.000275,0.000149,0.002730,0.000056,0.000000,0.003219,phoebus
rwlock,10000,0.9,4,80000,0.000010,0.000279,0.000099,0.002803,0.000063,0.000001,0.003255,phoebus
rwlock,100,0.1,8,20000,0.000008,0.000002,0.000419,0.001754,0.000000,0.000000,0.002183,phoebus
rwlock,100,0.5,8,20000,0.000011,0.000005,0.000383,0.001836,0.000002,0.000000,0.002237,phoebus
rwlock,100,0.9,8,20000,0.000012,0.000003,0.000316,0.001131,0.000001,0.000000,0.001463,phoebus
rwlock,1000,0.1,8,20000,0.000008,0.000025,0.000682,0.000308,0.000001,0.000000,0.001024,phoebus
rwlock,1000,0.5,8,20000,0.000009,0.000024,0.000237,0.000898,0.000002,0.000000,0.001170,phoebus
rwlock,1000,0.9,8,20000,0.000009,0.000093,0.000214,0.000766,0.000001,0.000001,0.001084,phoebus
rwlock,10000,0.1,8,20000,0.000011,0.000252,0.000566,0.000626,0.000088,0.000000,0.001543,phoebus
rwlock,10000,0.5,8,20000,0.000010,0.000251,0.000722,0.000380,0.000042,0.000000,0.001405,phoebus
rwlock,10000,0.9,8,20000,0.000011,0.000287,0.000731,0.000417,0.000144,0.000000,0.001590,phoebus
rwlock,100,0.1,8,40000,0.000009,0.000002,0.000286,0.005683,0.000001,0.000000,0.005981,phoebus
rwlock,100,0.5,8,40000,0.000008,0.000003,0.000217,0.012857,0.000000,0.000000,0.013085,phoebus
rwlock,100,0.9,8,40000,0.000010,0.000002,0.000294,0.002088,0.000001,0.000000,0.002395,phoebus
rwlock,1000,0.1,8,40000,0.000017,0.000044,0.000210,0.005606,0.000002,0.000000,0.005879,phoebus
rwlock,1000,0.5,8,40000,0.000009,0.000025,0.000945,0.000746,0.000002,0.000000,0.001727,phoebus
rwlock,1000,0.9,8,40000,0.000010,0.000021,0.000240,0.001414,0.000002,0.000000,0.001687,phoebus
rwlock,10000,0.1,8,40000,0.000014,0.000233,0.001490,0.000639,0.000045,0.000000,0.002421,phoebus
rwlock,10000,0.5,8,40000,0.000009,0.000238,0.001110,0.000700,0.000054,0.000001,0.002112,phoebus
rwlock,10000,0.9,8,40000,0.000010,0.000293,0.000212,0.002116,0.000043,0.000000,0.002674,phoebus
rwlock,100,0.1,8,80000,0.000012,0.000003,0.000298,0.014909,0.000001,0.000000,0.015223,phoebus
rwlock,100,0.5,8,80000,0.000011,0.000004,0.000319,0.015640,0.000001,0.000000,0.015975,phoebus
rwlock,100,0.9,8,80000,0.000012,0.000003,0.000787,0.024705,0.000002,0.000000,0.025509,phoebus
rwlock,1000,0.1,8,80000,0.000017,0.000035,0.000535,0.027311,0.000004,0.000000,0.027902,phoebus
rwlock,1000,0.5,8,80000,0.000012,0.000032,0.002738,0.010844,0.000003,0.000000,0.013629,phoebus
rwlock,1000,0.9,8,80000,0.000014,0.000030,0.000267,0.006317,0.000003,0.000000,0.006631,phoebus
rwlock,10000,0.1,8,80000,0.000018,0.000351,0.001630,0.006315,0.000073,0.000001,0.008388,phoebus
rwlock,10000,0.5,8,80000,0.000016,0.000350,0.000304,0.004520,0.000054,0.000001,0.005245,phoebus
rwlock,10000,0.9,8,80000,0.000009,0.000424,0.000219,0.002844,0.000055,0.000000,0.003551,phoebus
sequential,100,0.1,1,20000,0.000009,0.000000,0.0,0.000479,0.0,0.0,0.000488,phoebus
sequential,100,0.5,1,20000,0.000009,0.000001,0.0,0.001096,0.0,0.0,0.001107,phoebus
sequential,100,0.9,1,20000,0.000015,0.000001,0.0,0.001635,0.0,0.0,0.001652,phoebus
sequential,1000,0.1,1,20000,0.000013,0.000005,0.0,0.000607,0.0,0.0,0.000626,phoebus
sequential,1000,0.5,1,20000,0.000014,0.000007,0.0,0.001030,0.0,0.0,0.001052,phoebus
sequential,1000,0.9,1,20000,0.000013,0.000004,0.0,0.002088,0.0,0.0,0.002105,phoebus
sequential,10000,0.1,1,20000,0.000013,0.000123,0.0,0.000820,0.0,0.0,0.000956,phoebus
sequential,10000,0.5,1,20000,0.000022,0.000084,0.0,0.001411,0.0,0.0,0.001518,phoebus
sequential,10000,0.9,1,20000,0.000017,0.000067,0.0,0.001474,0.0,0.0,0.001559,phoebus
sequential,100,0.1,1,40000,0.000008,0.000000,0.0,0.000989,0.0,0.0,0.000997,phoebus
sequential,100,0.5,1,40000,0.000007,0.000001,0.0,0.002090,0.0,0.0,0.002099,phoebus
sequential,100,0.9,1,40000,0.000008,0.000001,0.0,0.002700,0.0,0.0,0.002709,phoebus
sequential,1000,0.1,1,40000,0.000009,0.000005,0.0,0.000948,0.0,0.0,0.000962,phoebus
sequential,1000,0.5,1,40000,0.000009,0.000004,0.0,0.002127,0.0,0.0,0.002140,phoebus
sequential,1000,0.9,1,40000,0.000011,0.000005,0.0,0.004738,0.0,0.0,0.004756,phoebus
sequential,10000,0.1,1,40000,0.000013,0.000059,0.0,0.001331,0.0,0.0,0.001403,phoebus
sequential,10000,0.5,1,40000,0.000014,0.000056,0.0,0.005470,0.0,0.0,0.005542,phoebus
sequential,10000,0.9,1,40000,0.000009,0.000049,0.0,0.002896,0.0,0.0,0.002957,phoebus
sequential,100,0.1,1,80000,0.000010,0.000001,0.0,0.003340,0.0,0.0,0.003352,phoebus
sequential,100,0.5,1,80000,0.000009,0.000000,0.0,0.004083,0.0,0.0,0.004093,phoebus
sequential,100,0.9,1,80000,0.000008,0.000001,0.0,0.005838,0.0,0.0,0.005848,phoebus
sequential,1000,0.1,1,80000,0.000009,0.000004,0.0,0.001916,0.0,0.0,0.001930,phoebus
sequential,1000,0.5,1,80000,0.000008,0.000004,0.0,0.004404,0.0,0.0,0.004417,phoebus
sequential,1000,0.9,1,80000,0.000083,0.000004,0.0,0.006341,0.0,0.0,0.006430,phoebus
sequential,10000,0.1,1,80000,0.000008,0.000049,0.0,0.001985,0.0,0.0,0.002042,phoebus
sequential,10000,0.5,1,80000,0.000008,0.000048,0.0,0.004440,0.0,0.0,0.004497,phoebus
sequential,10000,0.9,1,80000,0.000009,0.000050,0.0,0.006100,0.0,0.0,0.006160,phoebus
coarse,100,0.1,4,20000,0.000009,0.000000,0.000181,0.001776,0.000000,0.000000,0.001966,phoebus
coarse,100,0.5,4,20000,0.000008,0.000000,0.000119,0.002262,0.000000,0.000001,0.002390,phoebus
coarse,100,0.9,4,20000,0.000008,0.000000,0.000138,0.002106,0.000000,0.000000,0.002252,phoebus
coarse,1000,0.1,4,20000,0.000010,0.000004,0.000174,0.002171,0.000000,0.000001,0.002360,phoebus
coarse,1000,0.5,4,20000,0.000009,0.000004,0.000099,0.002203,0.000000,0.000000,0.002315,phoebus
coarse,1000,0.9,4,20000,0.000009,0.000004,0.000108,0.002581,0.000000,0.000001,0.002703,phoebus
coarse,10000,0.1,4,20000,0.000010,0.000052,0.000148,0.002082,0.000000,0.000000,0.002292,phoebus
coarse,10000,0.5,4,20000,0.000009,0.000050,0.000143,0.002320,0.000000,0.000000,0.002522,phoebus
coarse,10000,0.9,4,20000,0.000014,0.000051,0.000168,0.002643,0.000000,0.000000,0.002876,phoebus
coarse,100,0.1,4,40000,0.000007,0.000001,0.000174,0.003721,0.000000,0.000001,0.003904,phoebus
coarse,100,0.5,4,40000,0.000010,0.000001,0.000170,0.004468,0.000000,0.000000,0.004649,phoebus
coarse,100,0.9,4,40000,0.000007,0.000001,0.000097,0.004522,0.000000,0.000000,0.004627,phoebus
coarse,1000,0.1,4,40000,0.000008,0.000005,0.000100,0.004145,0.000000,0.000000,0.004258,phoebus
coarse,1000,0.5,4,40000,0.000008,0.000004,0.000261,0.004461,0.000000,0.000001,0.004735,phoebus
coarse,1000,0.9,4,40000,0.000009,0.000004,0.000098,0.004599,0.000000,0.000000,0.004710,phoebus
coarse,10000,0.1,4,40000,0.000009,0.000048,0.000099,0.003950,0.000000,0.000001,0.004108,phoebus
coarse,10000,0.5,4,40000,0.000010,0.000049,0.000098,0.004624,0.000000,0.000001,0.004782,phoebus
coarse,10000,0.9,4,40000,0.000009,0.000053,0.000116,0.004686,0.000000,0.000000,0.004864,phoebus
coarse,100,0.1,4,80000,0.000009,0.000000,0.000124,0.006782,0.000000,0.000000,0.006915,phoebus
coarse,100,0.5,4,80000,0.000007,0.000003,0.000138,0.008366,0.000000,0.000001,0.008515,phoebus
coarse,100,0.9,4,80000,0.000007,0.000001,0.000111,0.008756,0.000000,0.000000,0.008875,phoebus
coarse,1000,0.1,4,80000,0.000008,0.000004,0.000107,0.008159,0.000000,0.000001,0.008280,phoebus
coarse,1000,0.5,4,80000,0.000009,0.000005,0.000131,0.009144,0.000000,0.000001,0.009290,phoebus
coarse,1000,0.9,4,80000,0.000010,0.000004,0.000113,0.008411,0.000000,0.000000,0.008538,phoebus
coarse,10000,0.1,4,80000,0.000008,0.000051,0.000154,0.008011,0.000001,0.000000,0.008225,phoebus
coarse,10000,0.5,4,80000,0.000009,0.000048,0.000102,0.009949,0.000000,0.000001,0.010109,phoebus
coarse,10000,0.9,4,80000,0.000008,0.000051,0.000147,0.009101,0.000000,0.000000,0.009307,phoebus
coarse,100,0.1,8,20000,0.000008,0.000001,0.000250,0.001938,0.000000,0.000000,0.002197,phoebus
coarse,100,0.5,8,20000,0.000008,0.000001,0.000289,0.002055,0.000000,0.000000,0.002353,phoebus
coarse,100,0.9,8,20000,0.000007,0.000000,0.000638,0.001801,0.000000,0.000000,0.002446,phoebus
coarse,1000,0.1,8,20000,0.000008,0.000004,0.000246,0.001975,0.000000,0.000000,0.002233,phoebus
coarse,1000,0.5,8,20000,0.000008,0.000005,0.000256,0.002108,0.000000,0.000000,0.002377,phoebus
coarse,1000,0.9,8,20000,0.000010,0.000004,0.000365,0.002502,0.000000,0.000000,0.002881,phoebus
coarse,10000,0.1,8,20000,0.000013,0.000049,0.000356,0.002207,0.000000,0.000001,0.002626,phoebus
coarse,10000,0.5,8,20000,0.000009,0.000050,0.000226,0.002709,0.000000,0.000001,0.002995,phoebus
coarse,10000,0.9,8,20000,0.000010,0.000051,0.000262,0.002383,0.000000,0.000001,0.002707,phoebus
coarse,100,0.1,8,40000,0.000008,0.000000,0.000253,0.004023,0.000001,0.000000,0.004285,phoebus
coarse,100,0.5,8,40000,0.000007,0.000001,0.000278,0.004392,0.000000,0.000000,0.004678,phoebus
coarse,100,0.9,8,40000,0.000008,0.000000,0.000224,0.004884,0.000000,0.000000,0.005116,phoebus
coarse,1000,0.1,8,40000,0.000009,0.000005,0.000209,0.004265,0.000000,0.000000,0.004488,phoebus
coarse,1000,0.5,8,40000,0.000008,0.000005,0.000282,0.005039,0.000000,0.000000,0.005334,phoebus
coarse,1000,0.9,8,40000,0.000011,0.000004,0.000197,0.004668,0.000000,0.000000,0.004880,phoebus
coarse,10000,0.1,8,40000,0.000010,0.000050,0.000228,0.015263,0.000000,0.000001,0.015552,phoebus
coarse,10000,0.5,8,40000,0.000010,0.000049,0.000314,0.005149,0.000000,0.000001,0.005523,phoebus
coarse,10000,0.9,8,40000,0.000010,0.000049,0.000260,0.005381,0.000000,0.000001,0.005701,phoebus
coarse,100,0.1,8,80000,0.000008,0.000000,0.000214,0.007756,0.000000,0.000000,0.007978,phoebus
coarse,100,0.5,8,80000,0.000008,0.000001,0.000473,0.008839,0.000000,0.000000,0.009321,phoebus
coarse,100,0.9,8,80000,0.000008,0.000000,0.000214,0.009581,0.000000,0.000001,0.009804,phoebus
coarse,1000,0.1,8,80000,0.000010,0.000004,0.000290,0.007857,0.000000,0.000001,0.008162,phoebus
coarse,1000,0.5,8,80000,0.000009,0.000004,0.000443,0.009927,0.000000,0.000000,0.010383,phoebus
coarse,1000,0.9,8,80000,0.000009,0.000005,0.000321,0.009691,0.000000,0.000000,0.010026,phoebus
coarse,10000,0.1,8,80000,0.000009,0.000052,0.000287,0.010389,0.000000,0.000000,0.010737,phoebus
coarse,10000,0.5,8,80000,0.000009,0.000051,0.000341,0.011100,0.000000,0.000001,0.011502,phoebus
coarse,10000,0.9,8,80000,0.000010,0.000049,0.000253,0.010024,0.000000,0.000000,0.010336,phoebus
fine,100,0.1,4,20000,0.000009,0.000003,0.000118,0.001236,0.000001,0.000000,0.001367,phoebus
fine,100,0.5,4,20000,0.000008,0.000002,0.000106,0.001635,0.000001,0.000000,0.001752,phoebus
fine,100,0.9,4,20000,0.000007,0.000003,0.000131,0.000875,0.000000,0.000000,0.001016,phoebus
fine,1000,0.1,4,20000,0.000008,0.000021,0.000109,0.000684,0.000004,0.000000,0.000826,phoebus
fine,1000,0.5,4,20000,0.000012,0.000018,0.000112,0.000766,0.000002,0.000001,0.000911,phoebus
fine,1000,0.9,4,20000,0.000010,0.000017,0.000113,0.000898,0.000003,0.000000,0.001041,phoebus
fine,10000,0.1,4,20000,0.000041,0.000221,0.000725,0.000024,0.000050,0.000001,0.001062,phoebus
fine,10000,0.5,4,20000,0.000009,0.000233,0.000116,0.000710,0.000051,0.000000,0.001119,phoebus
fine,10000,0.9,4,20000,0.000009,0.000209,0.000138,0.001609,0.000066,0.000000,0.002031,phoebus
fine,100,0.1,4,40000,0.000009,0.000002,0.000161,0.003124,0.000001,0.000000,0.003297,phoebus
fine,100,0.5,4,40000,0.000013,0.000003,0.000457,0.004029,0.000001,0.000000,0.004503,phoebus
fine,100,0.9,4,40000,0.000009,0.000004,0.000148,0.001646,0.000001,0.000000,0.001808,phoebus
fine,1000,0.1,4,40000,0.000009,0.000017,0.000159,0.001832,0.000003,0.000000,0.002020,phoebus
fine,1000,0.5,4,40000,0.000010,0.000018,0.001174,0.001554,0.000002,0.000000,0.002758,phoebus
fine,1000,0.9,4,40000,0.000010,0.000018,0.000148,0.001522,0.000002,0.000000,0.001700,phoebus
fine,10000,0.1,4,40000,0.000009,0.000203,0.000182,0.001176,0.000057,0.000001,0.001628,phoebus
fine,10000,0.5,4,40000,0.000009,0.000202,0.000123,0.001221,0.000053,0.000000,0.001608,phoebus
fine,10000,0.9,4,40000,0.000079,0.000199,0.000120,0.001515,0.000068,0.000001,0.001982,phoebus
fine,100,0.1,4,80000,0.000009,0.000002,0.000125,0.005090,0.000001,0.000000,0.005227,phoebus
fine,100,0.5,4,80000,0.000008,0.000002,0.000137,0.006384,0.000001,0.000000,0.006532,phoebus
fine,100,0.9,4,80000,0.000009,0.000002,0.000185,0.003773,0.000001,0.000000,0.003970,phoebus
fine,1000,0.1,4,80000,0.000010,0.000021,0.000138,0.002936,0.000002,0.000001,0.003108,phoebus
fine,1000,0.5,4,80000,0.000009,0.000020,0.000146,0.002441,0.000003,0.000000,0.002619,phoebus
fine,1000,0.9,4,80000,0.000009,0.000018,0.000098,0.002896,0.000003,0.000000,0.003024,phoebus
fine,10000,0.1,4,80000,0.000032,0.000206,0.000129,0.002305,0.000060,0.000000,0.002732,phoebus
fine,10000,0.5,4,80000,0.000012,0.000235,0.000106,0.002391,0.000056,0.000001,0.002801,phoebus
fine,10000,0.9,4,80000,0.000028,0.000195,0.000095,0.002443,0.000051,0.000001,0.002813,phoebus
fine,100,0.1,8,20000,0.000008,0.000002,0.000284,0.001317,0.000001,0.000000,0.001612,phoebus
fine,100,0.5,8,20000,0.000007,0.000002,0.000263,0.001224,0.000001,0.000000,0.001497,phoebus
fine,100,0.9,8,20000,0.000009,0.000002,0.000427,0.000628,0.000000,0.000000,0.001066,phoebus
fine,1000,0.1,8,20000,0.000009,0.000019,0.000605,0.000269,0.000003,0.000000,0.000905,phoebus
fine,1000,0.5,8,20000,0.000010,0.000018,0.000655,0.000241,0.000002,0.000000,0.000926,phoebus
fine,1000,0.9,8,20000,0.000010,0.000017,0.000240,0.000549,0.000002,0.000000,0.000818,phoebus
fine,10000,0.1,8,20000,0.000009,0.000233,0.000533,0.000295,0.000046,0.000000,0.001116,phoebus
fine,10000,0.5,8,20000,0.000009,0.000204,0.000697,0.000352,0.000052,0.000001,0.001315,phoebus
fine,10000,0.9,8,20000,0.000011,0.000291,0.000220,0.000651,0.000048,0.000001,0.001222,phoebus
fine,100,0.1,8,40000,0.000012,0.000003,0.000291,0.003371,0.000000,0.000000,0.003677,phoebus
fine,100,0.5,8,40000,0.000008,0.000002,0.000263,0.002414,0.000001,0.000000,0.002688,phoebus
fine,100,0.9,8,40000,0.000008,0.000002,0.000224,0.001651,0.000001,0.000000,0.001886,phoebus
fine,1000,0.1,8,40000,0.000007,0.000018,0.000166,0.001436,0.000002,0.000001,0.001630,phoebus
fine,1000,0.5,8,40000,0.000008,0.000018,0.000717,0.000939,0.000003,0.000000,0.001685,phoebus
fine,1000,0.9,8,40000,0.000010,0.000019,0.000904,0.000748,0.000003,0.000000,0.001684,phoebus
fine,10000,0.1,8,40000,0.000010,0.000205,0.000731,0.000562,0.000104,0.000000,0.001612,phoebus
fine,10000,0.5,8,40000,0.000010,0.000198,0.000731,0.000596,0.000043,0.000000,0.001578,phoebus
fine,10000,0.9,8,40000,0.000010,0.000205,0.000877,0.000681,0.000055,0.000000,0.001828,phoebus
fine,100,0.1,8,80000,0.000007,0.000002,0.000363,0.006544,0.000001,0.000000,0.006917,phoebus
fine,100,0.5,8,80000,0.000008,0.000003,0.000272,0.005347,0.000001,0.000000,0.005631,phoebus
fine,100,0.9,8,80000,0.000010,0.000003,0.000453,0.002922,0.000001,0.000000,0.003389,phoebus
fine,1000,0.1,8,80000,0.000009,0.000019,0.000349,0.004315,0.000003,0.000000,0.004695,phoebus
fine,1000,0.5,8,80000,0.000009,0.000018,0.000297,0.002623,0.000003,0.000000,0.002950,phoebus
fine,1000,0.9,8,80000,0.000009,0.000017,0.000227,0.002394,0.000003,0.000000,0.002650,phoebus
fine,10000,0.1,8,80000,0.000009,0.000202,0.001015,0.001591,0.000053,0.000000,0.002870,phoebus
fine,10000,0.5,8,80000,0.000012,0.000217,0.001557,0.001539,0.000053,0.000000,0.003378,phoebus
fine,10000,0.9,8,80000,0.000011,0.000203,0.001815,0.001136,0.000052,0.000000,0.003217,phoebus
rwlock,100,0.1,4,20000,0.000010,0.000002,0.000102,0.001542,0.000001,0.000000,0.001657,phoebus
rwlock,100,0.5,4,20000,0.000006,0.000004,0.000117,0.003230,0.000001,0.000000,0.003358,phoebus
rwlock,100,0.9,4,20000,0.000008,0.000003,0.000125,0.001123,0.000000,0.000000,0.001259,phoebus
rwlock,1000,0.1,4,20000,0.000013,0.000021,0.000112,0.000684,0.000003,0.000000,0.000833,phoebus
rwlock,1000,0.5,4,20000,0.000009,0.000022,0.000104,0.000910,0.000002,0.000000,0.001047,phoebus
rwlock,1000,0.9,4,20000,0.000008,0.000024,0.000147,0.000797,0.000001,0.000001,0.000978,phoebus
rwlock,10000,0.1,4,20000,0.000008,0.000248,0.000126,0.000650,0.000045,0.000001,0.001078,phoebus
rwlock,10000,0.5,4,20000,0.000010,0.000250,0.000137,0.000744,0.000045,0.000000,0.001186,phoebus
rwlock,10000,0.9,4,20000,0.000012,0.000413,0.000224,0.001011,0.000054,0.000001,0.001715,phoebus
rwlock,100,0.1,4,40000,0.000008,0.000002,0.000165,0.002916,0.000001,0.000000,0.003092,phoebus
rwlock,100,0.5,4,40000,0.000008,0.000004,0.000165,0.002564,0.000000,0.000001,0.002742,phoebus
rwlock,100,0.9,4,40000,0.000009,0.000002,0.000147,0.001558,0.000000,0.000000,0.001716,phoebus
rwlock,1000,0.1,4,40000,0.000008,0.000022,0.000097,0.001433,0.000002,0.000000,0.001562,phoebus
rwlock,1000,0.5,4,40000,0.000013,0.000024,0.000180,0.002357,0.000004,0.000000,0.002578,phoebus
rwlock,1000,0.9,4,40000,0.000009,0.000022,0.000121,0.001684,0.000002,0.000000,0.001838,phoebus
rwlock,10000,0.1,4,40000,0.000009,0.000240,0.000127,0.001212,0.000046,0.000001,0.001635,phoebus
rwlock,10000,0.5,4,40000,0.000008,0.000237,0.000099,0.001339,0.000044,0.000001,0.001728,phoebus
rwlock,10000,0.9,4,40000,0.000009,0.000240,0.000101,0.001809,0.000060,0.000000,0.002219,phoebus
rwlock,100,0.1,4,80000,0.000008,0.000002,0.000132,0.006260,0.000001,0.000000,0.006403,phoebus
rwlock,100,0.5,4,80000,0.000008,0.000004,0.000123,0.005391,0.000001,0.000000,0.005527,phoebus
rwlock,100,0.9,4,80000,0.000011,0.000003,0.000443,0.003432,0.000001,0.000000,0.003890,phoebus
rwlock,1000,0.1,4,80000,0.000018,0.000031,0.000196,0.002960,0.000003,0.000001,0.003209,phoebus
rwlock,1000,0.5,4,80000,0.000014,0.000031,0.000200,0.003202,0.000002,0.000000,0.003449,phoebus
rwlock,1000,0.9,4,80000,0.000009,0.000021,0.000140,0.004221,0.000002,0.000000,0.004393,phoebus
rwlock,10000,0.1,4,80000,0.000010,0.000261,0.000136,0.003049,0.000060,0.000001,0.003517,phoebus
rwlock,10000,0.5,4,80000,0.000009,0.000302,0.000106,0.002655,0.000051,0.000001,0.003124,phoebus
rwlock,10000,0.9,4,80000,0.000008,0.000234,0.000099,0.003054,0.000060,0.000001,0.003456,phoebus
rwlock,100,0.1,8,20000,0.000009,0.000002,0.000277,0.002122,0.000001,0.000000,0.002411,phoebus
rwlock,100,0.5,8,20000,0.000007,0.000005,0.000277,0.001789,0.000000,0.000000,0.002078,phoebus
rwlock,100,0.9,8,20000,0.000008,0.000002,0.000389,0.000843,0.000001,0.000000,0.001243,phoebus
rwlock,1000,0.1,8,20000,0.000010,0.000105,0.000615,0.000383,0.000001,0.000000,0.001114,phoebus
rwlock,1000,0.5,8,20000,0.000008,0.000022,0.000255,0.000810,0.000002,0.000000,0.001097,phoebus
rwlock,1000,0.9,8,20000,0.000008,0.000032,0.000240,0.001178,0.000002,0.000000,0.001460,phoebus
rwlock,10000,0.1,8,20000,0.000010,0.000253,0.000755,0.000395,0.000058,0.000000,0.001471,phoebus
rwlock,10000,0.5,8,20000,0.000011,0.000259,0.000702,0.000446,0.000046,0.000000,0.001464,phoebus
rwlock,10000,0.9,8,20000,0.000010,0.000276,0.000666,0.000382,0.000091,0.000001,0.001426,phoebus
rwlock,100,0.1,8,40000,0.000008,0.000002,0.000281,0.003884,0.000001,0.000000,0.004176,phoebus
rwlock,100,0.5,8,40000,0.000007,0.000004,0.000240,0.005088,0.000001,0.000000,0.005340,phoebus
rwlock,100,0.9,8,40000,0.000010,0.000002,0.000630,0.002350,0.000001,0.000000,0.002993,phoebus
rwlock,1000,0.1,8,40000,0.000009,0.000022,0.000210,0.001474,0.000002,0.000000,0.001717,phoebus
rwlock,1000,0.5,8,40000,0.000008,0.000049,0.000698,0.001296,0.000002,0.000000,0.002053,phoebus
rwlock,1000,0.9,8,40000,0.000009,0.000020,0.000200,0.001504,0.000003,0.000000,0.001736,phoebus
rwlock,10000,0.1,8,40000,0.000009,0.000262,0.000883,0.001163,0.000061,0.000000,0.002378,phoebus
rwlock,10000,0.5,8,40000,0.000011,0.000256,0.000822,0.000951,0.000054,0.000001,0.002095,phoebus
rwlock,10000,0.9,8,40000,0.000011,0.000247,0.000880,0.000740,0.000043,0.000000,0.001921,phoebus
rwlock,100,0.1,8,80000,0.000008,0.000002,0.000223,0.013528,0.000001,0.000000,0.013762,phoebus
rwlock,100,0.5,8,80000,0.000007,0.000004,0.000225,0.009271,0.000001,0.000000,0.009508,phoebus
rwlock,100,0.9,8,80000,0.000009,0.000002,0.000322,0.004752,0.000001,0.000000,0.005086,phoebus
rwlock,1000,0.1,8,80000,0.000013,0.000021,0.000386,0.002999,0.000002,0.000000,0.003421,phoebus
rwlock,1000,0.5,8,80000,0.000009,0.000027,0.000234,0.003049,0.000002,0.000001,0.003322,phoebus
rwlock,1000,0.9,8,80000,0.000009,0.000024,0.000974,0.002345,0.000002,0.000000,0.003354,phoebus
rwlock,10000,0.1,8,80000,0.000010,0.000359,0.000774,0.001724,0.000045,0.000001,0.002913,phoebus
rwlock,10000,0.5,8,80000,0.000010,0.000288,0.001391,0.001370,0.000054,0.000000,0.003113,phoebus
rwlock,10000,0.9,8,80000,0.000011,0.000246,0.001450,0.001689,0.000057,0.000000,0.003453,phoebus
sequential,100,0.1,1,20000,0.000008,0.000000,0.0,0.000477,0.0,0.0,0.000485,phoebus
sequential,100,0.5,1,20000,0.000007,0.000001,0.0,0.001241,0.0,0.0,0.001250,phoebus
sequential,100,0.9,1,20000,0.000008,0.000001,0.0,0.001336,0.0,0.0,0.001345,phoebus
sequential,1000,0.1,1,20000,0.000008,0.000004,0.0,0.000468,0.0,0.0,0.000480,phoebus
sequential,1000,0.5,1,20000,0.000011,0.000004,0.0,0.001156,0.0,0.0,0.001172,phoebus
sequential,1000,0.9,1,20000,0.000010,0.000004,0.0,0.001370,0.0,0.0,0.001384,phoebus
sequential,10000,0.1,1,20000,0.000008,0.000048,0.0,0.000465,0.0,0.0,0.000521,phoebus
sequential,10000,0.5,1,20000,0.000012,0.000058,0.0,0.001488,0.0,0.0,0.001558,phoebus
sequential,10000,0.9,1,20000,0.000012,0.000620,0.0,0.002168,0.0,0.0,0.002801,phoebus
sequential,100,0.1,1,40000,0.000074,0.000001,0.0,0.001371,0.0,0.0,0.001447,phoebus
sequential,100,0.5,1,40000,0.000011,0.000000,0.0,0.003241,0.0,0.0,0.003253,phoebus
sequential,100,0.9,1,40000,0.000008,0.000000,0.0,0.002642,0.0,0.0,0.002650,phoebus
sequential,1000,0.1,1,40000,0.000008,0.000004,0.0,0.001025,0.0,0.0,0.001037,phoebus
sequential,1000,0.5,1,40000,0.000010,0.000004,0.0,0.002017,0.0,0.0,0.002033,phoebus
sequential,1000,0.9,1,40000,0.000009,0.000004,0.0,0.002777,0.0,0.0,0.002790,phoebus
sequential,10000,0.1,1,40000,0.000010,0.000049,0.0,0.001162,0.0,0.0,0.001222,phoebus
sequential,10000,0.5,1,40000,0.000009,0.000052,0.0,0.002098,0.0,0.0,0.002160,phoebus
sequential,10000,0.9,1,40000,0.000014,0.000063,0.0,0.005648,0.0,0.0,0.005727,phoebus
sequential,100,0.1,1,80000,0.000008,0.000000,0.0,0.001962,0.0,0.0,0.001971,phoebus
sequential,100,0.5,1,80000,0.000008,0.000001,0.0,0.004296,0.0,0.0,0.004306,phoebus
sequential,100,0.9,1,80000,0.000007,0.000000,0.0,0.005488,0.0,0.0,0.005496,phoebus
sequential,1000,0.1,1,80000,0.000010,0.000004,0.0,0.003029,0.0,0.0,0.003044,phoebus
sequential,1000,0.5,1,80000,0.000009,0.000004,0.0,0.004217,0.0,0.0,0.004233,phoebus
sequential,1000,0.9,1,80000,0.000010,0.000004,0.0,0.005433,0.0,0.0,0.005448,phoebus
sequential,10000,0.1,1,80000,0.000009,0.000051,0.0,0.001884,0.0,0.0,0.001945,phoebus
sequential,10000,0.5,1,80000,0.000008,0.000053,0.0,0.004087,0.0,0.0,0.004148,phoebus
sequential,10000,0.9,1,80000,0.000008,0.000049,0.0,0.005676,0.0,0.0,0.005733,phoebus
coarse,100,0.1,4,20000,0.000008,0.000001,0.000148,0.001540,0.000000,0.000000,0.001697,phoebus
coarse,100,0.5,4,20000,0.000007,0.000001,0.000133,0.002150,0.000000,0.000001,0.002292,phoebus
coarse,100,0.9,4,20000,0.000007,0.000001,0.000100,0.002123,0.000000,0.000001,0.002232,phoebus
coarse,1000,0.1,4,20000,0.000012,0.000004,0.000101,0.001849,0.000000,0.000001,0.001967,phoebus
coarse,1000,0.5,4,20000,0.000008,0.000004,0.000105,0.002383,0.000000,0.000001,0.002501,phoebus
coarse,1000,0.9,4,20000,0.000009,0.000004,0.000145,0.002209,0.000000,0.000001,0.002368,phoebus
coarse,10000,0.1,4,20000,0.000014,0.000048,0.000114,0.001985,0.000000,0.000001,0.002162,phoebus
coarse,10000,0.5,4,20000,0.000008,0.000053,0.000139,0.002337,0.000000,0.000001,0.002538,phoebus
coarse,10000,0.9,4,20000,0.000008,0.000052,0.000141,0.002309,0.000000,0.000001,0.002511,phoebus
coarse,100,0.1,4,40000,0.000014,0.000000,0.000187,0.003643,0.000000,0.000001,0.003845,phoebus
coarse,100,0.5,4,40000,0.000008,0.000000,0.000166,0.004795,0.000000,0.000000,0.004969,phoebus
coarse,100,0.9,4,40000,0.000009,0.000001,0.000167,0.004730,0.000000,0.000001,0.004908,phoebus
coarse,1000,0.1,4,40000,0.000011,0.000004,0.000114,0.004797,0.000000,0.000001,0.004927,phoebus
coarse,1000,0.5,4,40000,0.000012,0.000005,0.000151,0.004881,0.000000,0.000000,0.005049,phoebus
coarse,1000,0.9,4,40000,0.000008,0.000004,0.000102,0.004505,0.000001,0.000000,0.004620,phoebus
coarse,10000,0.1,4,40000,0.000008,0.000075,0.000098,0.003961,0.000000,0.000001,0.004143,phoebus
coarse,10000,0.5,4,40000,0.000008,0.000049,0.000107,0.004487,0.000000,0.000000,0.004651,phoebus
coarse,10000,0.9,4,40000,0.000009,0.000051,0.000100,0.004409,0.000000,0.000000,0.004569,phoebus
coarse,100,0.1,4,80000,0.000008,0.000000,0.000116,0.006905,0.000000,0.000001,0.007030,phoebus
coarse,100,0.5,4,80000,0.000007,0.000001,0.000126,0.008622,0.000000,0.000000,0.008756,phoebus
coarse,100,0.9,4,80000,0.000007,0.000001,0.000129,0.018288,0.000000,0.000000,0.018425,phoebus
coarse,1000,0.1,4,80000,0.000010,0.000004,0.000133,0.007357,0.000000,0.000000,0.007504,phoebus
coarse,1000,0.5,4,80000,0.000008,0.000004,0.000097,0.009233,0.000000,0.000001,0.009343,phoebus
coarse,1000,0.9,4,80000,0.000010,0.000004,0.000117,0.009156,0.000000,0.000000,0.009287,phoebus
coarse,10000,0.1,4,80000,0.000009,0.000049,0.000194,0.009169,0.000000,0.000001,0.009422,phoebus
coarse,10000,0.5,4,80000,0.000009,0.000054,0.000201,0.009944,0.000000,0.000001,0.010209,phoebus
coarse,10000,0.9,4,80000,0.000011,0.000053,0.000149,0.009627,0.000000,0.000001,0.009841,phoebus
coarse,100,0.1,8,20000,0.000008,0.000000,0.000245,0.001780,0.000000,0.000000,0.002033,phoebus
coarse,100,0.5,8,20000,0.000007,0.000001,0.000219,0.003985,0.000000,0.000000,0.004212,phoebus
coarse,100,0.9,8,20000,0.000007,0.000001,0.000244,0.002518,0.000000,0.000000,0.002770,phoebus
coarse,1000,0.1,8,20000,0.000009,0.000004,0.000222,0.002063,0.000000,0.000001,0.002299,phoebus
coarse,1000,0.5,8,20000,0.000010,0.000004,0.000353,0.002569,0.000001,0.000000,0.002937,phoebus
coarse,1000,0.9,8,20000,0.000011,0.000004,0.000169,0.002362,0.000000,0.000000,0.002546,phoebus
coarse,10000,0.1,8,20000,0.000014,0.000051,0.000248,0.002823,0.000000,0.000000,0.003136,phoebus
coarse,10000,0.5,8,20000,0.000013,0.000057,0.000208,0.002585,0.000000,0.000000,0.002863,phoebus
coarse,10000,0.9,8,20000,0.000011,0.000062,0.000472,0.002155,0.000000,0.000001,0.002701,phoebus
coarse,100,0.1,8,40000,0.000007,0.000001,0.000229,0.004442,0.000000,0.000000,0.004679,phoebus
coarse,100,0.5,8,40000,0.000008,0.000000,0.000209,0.004836,0.000000,0.000000,0.005053,phoebus
coarse,100,0.9,8,40000,0.000006,0.000001,0.000206,0.005503,0.000001,0.000000,0.005717,phoebus
coarse,1000,0.1,8,40000,0.000008,0.000004,0.000215,0.004573,0.000000,0.000001,0.004801,phoebus
coarse,1000,0.5,8,40000,0.000008,0.000004,0.000298,0.004886,0.000000,0.000000,0.005196,phoebus
coarse,1000,0.9,8,40000,0.000008,0.000004,0.000221,0.004641,0.000000,0.000001,0.004875,phoebus
coarse,10000,0.1,8,40000,0.000036,0.000052,0.000285,0.005090,0.000000,0.000000,0.005463,phoebus
coarse,10000,0.5,8,40000,0.000009,0.000049,0.000216,0.004803,0.000000,0.000000,0.005077,phoebus
coarse,10000,0.9,8,40000,0.000011,0.000080,0.000324,0.005055,0.000000,0.000000,0.005470,phoebus
coarse,100,0.1,8,80000,0.000007,0.000001,0.000287,0.008099,0.000000,0.000000,0.008394,phoebus
coarse,100,0.5,8,80000,0.000012,0.000001,0.000374,0.009943,0.000001,0.000000,0.010331,phoebus
coarse,100,0.9,8,80000,0.000007,0.000001,0.000209,0.009513,0.000000,0.000001,0.009731,phoebus
coarse,1000,0.1,8,80000,0.000009,0.000004,0.000228,0.009113,0.000000,0.000000,0.009354,phoebus
coarse,1000,0.5,8,80000,0.000012,0.000004,0.000211,0.010316,0.000000,0.000000,0.010543,phoebus
coarse,1000,0.9,8,80000,0.000009,0.000004,0.000256,0.009902,0.000000,0.000001,0.010172,phoebus
coarse,10000,0.1,8,80000,0.000010,0.000050,0.000343,0.009847,0.000000,0.000000,0.010250,phoebus
coarse,10000,0.5,8,80000,0.000010,0.000052,0.000407,0.010333,0.000000,0.000001,0.010803,phoebus
coarse,10000,0.9,8,80000,0.000010,0.000052,0.000285,0.010021,0.000000,0.000000,0.010368,phoebus
fine,100,0.1,4,20000,0.000008,0.000002,0.000098,0.001134,0.000001,0.000000,0.001243,phoebus
fine,100,0.5,4,20000,0.000008,0.000002,0.000129,0.001031,0.000001,0.000000,0.001171,phoebus
fine,100,0.9,4,20000,0.000036,0.000004,0.000097,0.000768,0.000001,0.000000,0.000906,phoebus
fine,1000,0.1,4,20000,0.000065,0.000019,0.000098,0.000614,0.000003,0.000000,0.000799,phoebus
fine,1000,0.5,4,20000,0.000008,0.000018,0.000098,0.000643,0.000003,0.000000,0.000770,phoebus
fine,1000,0.9,4,20000,0.000010,0.000017,0.000099,0.000645,0.000004,0.000000,0.000775,phoebus
fine,10000,0.1,4,20000,0.000009,0.000244,0.000221,0.000531,0.000056,0.000000,0.001061,phoebus
fine,10000,0.5,4,20000,0.000009,0.000218,0.000349,0.000509,0.000058,0.000001,0.001144,phoebus
fine,10000,0.9,4,20000,0.000008,0.000222,0.000151,0.000808,0.000071,0.000001,0.001261,phoebus
fine,100,0.1,4,40000,0.000008,0.000002,0.000115,0.002497,0.000000,0.000000,0.002622,phoebus
fine,100,0.5,4,40000,0.000008,0.000002,0.000112,0.001904,0.000001,0.000000,0.002027,phoebus
fine,100,0.9,4,40000,0.000007,0.000003,0.000111,0.001935,0.000001,0.000000,0.002057,phoebus
fine,1000,0.1,4,40000,0.000008,0.000019,0.000114,0.001231,0.000003,0.000000,0.001375,phoebus
fine,1000,0.5,4,40000,0.000012,0.000018,0.000703,0.003100,0.000005,0.000000,0.003838,phoebus
fine,1000,0.9,4,40000,0.000010,0.000020,0.000148,0.001523,0.000002,0.000000,0.001703,phoebus
fine,10000,0.1,4,40000,0.000009,0.000217,0.000138,0.001067,0.000057,0.000000,0.001488,phoebus
fine,10000,0.5,4,40000,0.000009,0.000271,0.000163,0.003834,0.000076,0.000001,0.004354,phoebus
fine,10000,0.9,4,40000,0.000010,0.000225,0.000181,0.001687,0.000065,0.000000,0.002168,phoebus
fine,100,0.1,4,80000,0.000008,0.000003,0.000187,0.007788,0.000001,0.000000,0.007987,phoebus
fine,100,0.5,4,80000,0.000008,0.000003,0.000127,0.006764,0.000001,0.000000,0.006903,phoebus
fine,100,0.9,4,80000,0.000007,0.000002,0.000126,0.003355,0.000001,0.000000,0.003491,phoebus
fine,1000,0.1,4,80000,0.000010,0.000018,0.000116,0.006890,0.000004,0.000000,0.007039,phoebus
fine,1000,0.5,4,80000,0.000008,0.000020,0.000135,0.002450,0.000003,0.000000,0.002616,phoebus
fine,1000,0.9,4,80000,0.000010,0.000019,0.000108,0.006112,0.000002,0.000000,0.006251,phoebus
fine,10000,0.1,4,80000,0.000008,0.000283,0.000186,0.002471,0.000078,0.000001,0.003027,phoebus
fine,10000,0.5,4,80000,0.000009,0.000269,0.001286,0.002607,0.000071,0.000000,0.004242,phoebus
fine,10000,0.9,4,80000,0.000011,0.000220,0.000181,0.002423,0.000064,0.000000,0.002899,phoebus
fine,100,0.1,8,20000,0.000007,0.000002,0.000209,0.001756,0.000001,0.000000,0.001975,phoebus
fine,100,0.5,8,20000,0.000007,0.000003,0.000375,0.001088,0.000001,0.000000,0.001474,phoebus
fine,100,0.9,8,20000,0.000008,0.000002,0.000673,0.000357,0.000000,0.000000,0.001040,phoebus
fine,1000,0.1,8,20000,0.000009,0.000019,0.000482,0.000504,0.000003,0.000000,0.001017,phoebus
fine,1000,0.5,8,20000,0.000044,0.000021,0.000572,0.000251,0.000002,0.000000,0.000890,phoebus
fine,1000,0.9,8,20000,0.000010,0.000026,0.007781,0.000514,0.000003,0.000000,0.008334,phoebus
fine,10000,0.1,8,20000,0.000010,0.000270,0.000604,0.000478,0.000081,0.000000,0.001443,phoebus
fine,10000,0.5,8,20000,0.000010,0.000219,0.000671,0.000327,0.000056,0.000000,0.001283,phoebus
fine,10000,0.9,8,20000,0.000044,0.000368,0.000233,0.000863,0.000061,0.000001,0.001570,phoebus
fine,100,0.1,8,40000,0.000008,0.000002,0.000260,0.003036,0.000001,0.000000,0.003308,phoebus
fine,100,0.5,8,40000,0.000007,0.000003,0.000251,0.002795,0.000001,0.000000,0.003057,phoebus
fine,100,0.9,8,40000,0.000009,0.000002,0.000632,0.001441,0.000000,0.000000,0.002084,phoebus
fine,1000,0.1,8,40000,0.000011,0.000022,0.000486,0.000983,0.000002,0.000000,0.001504,phoebus
fine,1000,0.5,8,40000,0.000013,0.000019,0.000537,0.001072,0.000003,0.000000,0.001644,phoebus
fine,1000,0.9,8,40000,0.000010,0.000018,0.000772,0.000641,0.000002,0.000000,0.001443,phoebus
fine,10000,0.1,8,40000,0.000010,0.000212,0.000772,0.000644,0.000061,0.000000,0.001699,phoebus
fine,10000,0.5,8,40000,0.000014,0.000211,0.000769,0.001077,0.000066,0.000001,0.002138,phoebus
fine,10000,0.9,8,40000,0.000010,0.000231,0.000986,0.000635,0.000068,0.000001,0.001931,phoebus
fine,100,0.1,8,80000,0.000008,0.000002,0.000316,0.006043,0.000001,0.000000,0.006371,phoebus
fine,100,0.5,8,80000,0.000008,0.000003,0.000210,0.005252,0.000001,0.000000,0.005474,phoebus
fine,100,0.9,8,80000,0.000010,0.000002,0.000426,0.003014,0.000001,0.000000,0.003453,phoebus
fine,1000,0.1,8,80000,0.000014,0.000017,0.001119,0.001547,0.000002,0.000000,0.002699,phoebus
fine,1000,0.5,8,80000,0.000009,0.000022,0.000542,0.001926,0.000002,0.000000,0.002501,phoebus
fine,1000,0.9,8,80000,0.000011,0.000019,0.001655,0.001412,0.000003,0.000000,0.003100,phoebus
fine,10000,0.1,8,80000,0.000016,0.000345,0.001160,0.001958,0.000051,0.000001,0.003531,phoebus
fine,10000,0.5,8,80000,0.000014,0.000283,0.001735,0.001145,0.000059,0.000001,0.003237,phoebus
fine,10000,0.9,8,80000,0.000010,0.000207,0.001409,0.001496,0.000069,0.000000,0.003191,phoebus
rwlock,100,0.1,4,20000,0.000008,0.000003,0.000167,0.001549,0.000000,0.000000,0.001727,phoebus
rwlock,100,0.5,4,20000,0.000008,0.000004,0.000127,0.001555,0.000001,0.000000,0.001695,phoebus
rwlock,100,0.9,4,20000,0.000008,0.000002,0.000102,0.000852,0.000000,0.000000,0.000964,phoebus
rwlock,1000,0.1,4,20000,0.000009,0.000021,0.000099,0.000685,0.000001,0.000001,0.000816,phoebus
rwlock,1000,0.5,4,20000,0.000008,0.000024,0.000102,0.000714,0.000001,0.000001,0.000850,phoebus
rwlock,1000,0.9,4,20000,0.000008,0.000023,0.000105,0.000699,0.000001,0.000000,0.000836,phoebus
rwlock,10000,0.1,4,20000,0.000008,0.000246,0.000114,0.000907,0.000053,0.000001,0.001329,phoebus
rwlock,10000,0.5,4,20000,0.000009,0.000322,0.000131,0.000822,0.000058,0.000001,0.001343,phoebus
rwlock,10000,0.9,4,20000,0.000009,0.000262,0.000173,0.000862,0.000059,0.000001,0.001366,phoebus
rwlock,100,0.1,4,40000,0.000007,0.000002,0.000100,0.002926,0.000001,0.000000,0.003036,phoebus
rwlock,100,0.5,4,40000,0.000008,0.000004,0.000099,0.002779,0.000000,0.000000,0.002890,phoebus
rwlock,100,0.9,4,40000,0.000008,0.000002,0.000118,0.003307,0.000001,0.000000,0.003436,phoebus
rwlock,1000,0.1,4,40000,0.000009,0.000023,0.000176,0.001705,0.000002,0.000000,0.001915,phoebus
rwlock,1000,0.5,4,40000,0.000010,0.000025,0.000134,0.001688,0.000002,0.000000,0.001859,phoebus
rwlock,1000,0.9,4,40000,0.000008,0.000025,0.000105,0.001316,0.000002,0.000000,0.001456,phoebus
rwlock,10000,0.1,4,40000,0.000010,0.000253,0.000158,0.001323,0.000045,0.000001,0.001790,phoebus
rwlock,10000,0.5,4,40000,0.000010,0.000245,0.000158,0.001738,0.000061,0.000000,0.002212,phoebus
rwlock,10000,0.9,4,40000,0.000009,0.000403,0.000167,0.001625,0.000056,0.000000,0.002260,phoebus
rwlock,100,0.1,4,80000,0.000008,0.000002,0.000128,0.005700,0.000001,0.000000,0.005839,phoebus
rwlock,100,0.5,4,80000,0.000007,0.000004,0.000120,0.005939,0.000001,0.000000,0.006071,phoebus
rwlock,100,0.9,4,80000,0.000008,0.000003,0.000209,0.003574,0.000001,0.000000,0.003795,phoebus
rwlock,1000,0.1,4,80000,0.000010,0.000022,0.000105,0.002891,0.000002,0.000000,0.003030,phoebus
rwlock,1000,0.5,4,80000,0.000008,0.000099,0.000100,0.004104,0.000002,0.000000,0.004313,phoebus
rwlock,1000,0.9,4,80000,0.001023,0.000065,0.000131,0.003236,0.000002,0.000000,0.004457,phoebus
rwlock,10000,0.1,4,80000,0.000008,0.000317,0.000151,0.003000,0.000070,0.000000,0.003546,phoebus
rwlock,10000,0.5,4,80000,0.000010,0.000272,0.000106,0.003413,0.000072,0.000000,0.003873,phoebus
rwlock,10000,0.9,4,80000,0.000010,0.000265,0.000191,0.003014,0.000057,0.000000,0.003537,phoebus
rwlock,100,0.1,8,20000,0.000007,0.000002,0.000206,0.001703,0.000000,0.000000,0.001918,phoebus
rwlock,100,0.5,8,20000,0.000007,0.000004,0.000214,0.001623,0.000001,0.000000,0.001849,phoebus
rwlock,100,0.9,8,20000,0.000008,0.000002,0.000202,0.000965,0.000001,0.000000,0.001178,phoebus
rwlock,1000,0.1,8,20000,0.000008,0.000022,0.000354,0.002090,0.000002,0.000000,0.002476,phoebus
rwlock,1000,0.5,8,20000,0.000016,0.000071,0.000919,0.000396,0.000002,0.000000,0.001404,phoebus
rwlock,1000,0.9,8,20000,0.000009,0.000025,0.000806,0.000367,0.000002,0.000000,0.001209,phoebus
rwlock,10000,0.1,8,20000,0.000011,0.000268,0.000757,0.000324,0.000053,0.000001,0.001414,phoebus
rwlock,10000,0.5,8,20000,0.000010,0.000254,0.000673,0.000434,0.000046,0.000000,0.001417,phoebus
rwlock,10000,0.9,8,20000,0.000011,0.000245,0.000805,0.000649,0.000054,0.000000,0.001764,phoebus
rwlock,100,0.1,8,40000,0.000009,0.000003,0.000295,0.003460,0.000000,0.000000,0.003767,phoebus
rwlock,100,0.5,8,40000,0.000009,0.000005,0.000217,0.003480,0.000001,0.000000,0.003712,phoebus
rwlock,100,0.9,8,40000,0.000008,0.000002,0.000239,0.001978,0.000000,0.000000,0.002227,phoebus
rwlock,1000,0.1,8,40000,0.000007,0.000025,0.000198,0.002014,0.000003,0.000000,0.002247,phoebus
rwlock,1000,0.5,8,40000,0.000011,0.000027,0.001142,0.004984,0.000002,0.000000,0.006166,phoebus
rwlock,1000,0.9,8,40000,0.000013,0.000021,0.000769,0.000688,0.000002,0.000000,0.001493,phoebus
rwlock,10000,0.1,8,40000,0.000012,0.000275,0.001011,0.000647,0.000050,0.000001,0.001996,phoebus
rwlock,10000,0.5,8,40000,0.000010,0.000256,0.001024,0.000840,0.000052,0.000001,0.002183,phoebus
rwlock,10000,0.9,8,40000,0.000011,0.000261,0.001046,0.001071,0.000089,0.000001,0.002479,phoebus
rwlock,100,0.1,8,80000,0.000009,0.000003,0.000342,0.013925,0.000001,0.000000,0.014280,phoebus
rwlock,100,0.5,8,80000,0.000009,0.000004,0.000271,0.013863,0.000002,0.000000,0.014149,phoebus
rwlock,100,0.9,8,80000,0.000010,0.000002,0.000381,0.004123,0.000001,0.000000,0.004517,phoebus
rwlock,1000,0.1,8,80000,0.000009,0.000025,0.000341,0.006818,0.000003,0.000000,0.007197,phoebus
rwlock,1000,0.5,8,80000,0.000010,0.000027,0.001219,0.001896,0.000002,0.000000,0.003154,phoebus
rwlock,1000,0.9,8,80000,0.000011,0.000024,0.001767,0.001265,0.000002,0.000000,0.003069,phoebus
rwlock,10000,0.1,8,80000,0.000009,0.000244,0.001309,0.001472,0.000043,0.000000,0.003077,phoebus
rwlock,10000,0.5,8,80000,0.000010,0.000254,0.000662,0.003127,0.000051,0.000001,0.004105,phoebus
rwlock,10000,0.9,8,80000,0.000013,0.000264,0.001722,0.001268,0.000056,0.000001,0.003324,phoebus
sequential,100,0.1,1,20000,0.000007,0.000001,0.0,0.000491,0.0,0.0,0.000499,phoebus
sequential,100,0.5,1,20000,0.000013,0.000000,0.0,0.001424,0.0,0.0,0.001437,phoebus
sequential,100,0.9,1,20000,0.000008,0.000001,0.0,0.001335,0.0,0.0,0.001344,phoebus
sequential,1000,0.1,1,20000,0.000011,0.000004,0.0,0.000587,0.0,0.0,0.000603,phoebus
sequential,1000,0.5,1,20000,0.000009,0.000004,0.0,0.001032,0.0,0.0,0.001045,phoebus
sequential,1000,0.9,1,20000,0.000010,0.000004,0.0,0.001367,0.0,0.0,0.001382,phoebus
sequential,10000,0.1,1,20000,0.000011,0.000059,0.0,0.000492,0.0,0.0,0.000562,phoebus
sequential,10000,0.5,1,20000,0.000010,0.000051,0.0,0.001064,0.0,0.0,0.001125,phoebus
sequential,10000,0.9,1,20000,0.000009,0.000053,0.0,0.001486,0.0,0.0,0.001548,phoebus
sequential,100,0.1,1,40000,0.000007,0.000001,0.0,0.001014,0.0,0.0,0.001022,phoebus
sequential,100,0.5,1,40000,0.000007,0.000000,0.0,0.002031,0.0,0.0,0.002039,phoebus
sequential,100,0.9,1,40000,0.000011,0.000000,0.0,0.004050,0.0,0.0,0.004061,phoebus
sequential,1000,0.1,1,40000,0.000009,0.000004,0.0,0.000973,0.0,0.0,0.000987,phoebus
sequential,1000,0.5,1,40000,0.000010,0.000005,0.0,0.002159,0.0,0.0,0.002176,phoebus
sequential,1000,0.9,1,40000,0.000011,0.000004,0.0,0.002928,0.0,0.0,0.002944,phoebus
sequential,10000,0.1,1,40000,0.000010,0.000050,0.0,0.000949,0.0,0.0,0.001010,phoebus
sequential,10000,0.5,1,40000,0.000007,0.000049,0.0,0.002078,0.0,0.0,0.002134,phoebus
sequential,10000,0.9,1,40000,0.000011,0.000053,0.0,0.002779,0.0,0.0,0.002845,phoebus
sequential,100,0.1,1,80000,0.000007,0.000001,0.0,0.004729,0.0,0.0,0.004738,phoebus
sequential,100,0.5,1,80000,0.000013,0.000000,0.0,0.005019,0.0,0.0,0.005033,phoebus
sequential,100,0.9,1,80000,0.000009,0.000000,0.0,0.005481,0.0,0.0,0.005490,phoebus
sequential,1000,0.1,1,80000,0.000009,0.000004,0.0,0.001943,0.0,0.0,0.001959,phoebus
sequential,1000,0.5,1,80000,0.000011,0.000004,0.0,0.004325,0.0,0.0,0.004342,phoebus
sequential,1000,0.9,1,80000,0.000015,0.000006,0.0,0.006672,0.0,0.0,0.006695,phoebus
sequential,10000,0.1,1,80000,0.000010,0.000050,0.0,0.001969,0.0,0.0,0.002030,phoebus
sequential,10000,0.5,1,80000,0.000014,0.000049,0.0,0.004095,0.0,0.0,0.004159,phoebus
sequential,10000,0.9,1,80000,0.000012,0.000050,0.0,0.005412,0.0,0.0,0.005475,phoebus
coarse,100,0.1,4,20000,0.000009,0.000000,0.000148,0.001543,0.000000,0.000000,0.001700,phoebus
coarse,100,0.5,4,20000,0.000009,0.000000,0.000145,0.002079,0.000000,0.000000,0.002233,phoebus
coarse,100,0.9,4,20000,0.000008,0.000000,0.000095,0.002025,0.000001,0.000000,0.002130,phoebus
coarse,1000,0.1,4,20000,0.000009,0.000004,0.000093,0.001910,0.000000,0.000000,0.002016,phoebus
coarse,1000,0.5,4,20000,0.000008,0.000004,0.000096,0.002244,0.000000,0.000001,0.002353,phoebus
coarse,1000,0.9,4,20000,0.000009,0.000004,0.000095,0.004831,0.000000,0.000000,0.004939,phoebus
coarse,10000,0.1,4,20000,0.000010,0.000053,0.000131,0.002236,0.000000,0.000000,0.002430,phoebus
coarse,10000,0.5,4,20000,0.000009,0.000050,0.000101,0.004627,0.000001,0.000000,0.004788,phoebus
coarse,10000,0.9,4,20000,0.000008,0.000049,0.000100,0.002197,0.000000,0.000000,0.002354,phoebus
coarse,100,0.1,4,40000,0.000007,0.000001,0.000137,0.003377,0.000000,0.000000,0.003522,phoebus
coarse,100,0.5,4,40000,0.000008,0.000000,0.000101,0.004234,0.000000,0.000000,0.004343,phoebus
coarse,100,0.9,4,40000,0.000007,0.000001,0.000129,0.004454,0.000000,0.000000,0.004591,phoebus
coarse,1000,0.1,4,40000,0.000010,0.000004,0.000136,0.004012,0.000000,0.000000,0.004162,phoebus
coarse,1000,0.5,4,40000,0.000008,0.000004,0.000133,0.004505,0.000000,0.000000,0.004650,phoebus
coarse,1000,0.9,4,40000,0.000009,0.000004,0.000145,0.004558,0.000001,0.000000,0.004717,phoebus
coarse,10000,0.1,4,40000,0.000009,0.000049,0.000135,0.004359,0.000000,0.000001,0.004553,phoebus
coarse,10000,0.5,4,40000,0.000009,0.000053,0.000102,0.004967,0.000001,0.000000,0.005132,phoebus
coarse,10000,0.9,4,40000,0.000009,0.000055,0.000161,0.004482,0.000000,0.000000,0.004707,phoebus
coarse,100,0.1,4,80000,0.000006,0.000001,0.000122,0.007447,0.000000,0.000001,0.007577,phoebus
coarse,100,0.5,4,80000,0.000007,0.000000,0.000148,0.008569,0.000000,0.000000,0.008724,phoebus
coarse,100,0.9,4,80000,0.000007,0.000001,0.000122,0.009332,0.000000,0.000000,0.009462,phoebus
coarse,1000,0.1,4,80000,0.000012,0.000005,0.000106,0.007374,0.000001,0.000000,0.007498,phoebus
coarse,1000,0.5,4,80000,0.000007,0.000005,0.000128,0.008598,0.000000,0.000001,0.008739,phoebus
coarse,1000,0.9,4,80000,0.000013,0.000004,0.000111,0.008879,0.000000,0.000001,0.009008,phoebus
coarse,10000,0.1,4,80000,0.000010,0.000083,0.000107,0.008526,0.000000,0.000001,0.008727,phoebus
coarse,10000,0.5,4,80000,0.000009,0.000052,0.000130,0.010017,0.000000,0.000002,0.010210,phoebus
coarse,10000,0.9,4,80000,0.000009,0.000054,0.000139,0.009595,0.000001,0.000001,0.009799,phoebus
coarse,100,0.1,8,20000,0.000012,0.000001,0.000208,0.001838,0.000000,0.000000,0.002059,phoebus
coarse,100,0.5,8,20000,0.000011,0.000001,0.000238,0.002041,0.000000,0.000000,0.002291,phoebus
coarse,100,0.9,8,20000,0.000009,0.000000,0.000250,0.002426,0.000000,0.000000,0.002685,phoebus
coarse,1000,0.1,8,20000,0.000008,0.000004,0.000396,0.001968,0.000000,0.000000,0.002376,phoebus
coarse,1000,0.5,8,20000,0.000009,0.000004,0.000331,0.002164,0.000000,0.000000,0.002508,phoebus
coarse,1000,0.9,8,20000,0.000008,0.000004,0.000251,0.002318,0.000000,0.000000,0.002581,phoebus
coarse,10000,0.1,8,20000,0.000010,0.000058,0.000510,0.002028,0.000000,0.000001,0.002607,phoebus
coarse,10000,0.5,8,20000,0.000012,0.000049,0.000223,0.002629,0.000000,0.000001,0.002914,phoebus
coarse,10000,0.9,8,20000,0.000009,0.000051,0.000247,0.002517,0.000000,0.000000,0.002824,phoebus
coarse,100,0.1,8,40000,0.000007,0.000001,0.000248,0.003758,0.000000,0.000000,0.004014,phoebus
coarse,100,0.5,8,40000,0.000007,0.000000,0.000231,0.005968,0.000000,0.000000,0.006206,phoebus
coarse,100,0.9,8,40000,0.000007,0.000001,0.000243,0.004574,0.000000,0.000000,0.004825,phoebus
coarse,1000,0.1,8,40000,0.000009,0.000005,0.000253,0.004153,0.000000,0.000001,0.004421,phoebus
coarse,1000,0.5,8,40000,0.000013,0.000004,0.000223,0.010072,0.000000,0.000001,0.010313,phoebus
coarse,1000,0.9,8,40000,0.000008,0.000004,0.000227,0.008730,0.000000,0.000000,0.008969,phoebus
coarse,10000,0.1,8,40000,0.000011,0.000050,0.000419,0.004853,0.000000,0.000000,0.005333,phoebus
coarse,10000,0.5,8,40000,0.000010,0.000050,0.000300,0.005005,0.000000,0.000000,0.005365,phoebus
coarse,10000,0.9,8,40000,0.000009,0.005041,0.000281,0.004967,0.000000,0.000001,0.010299,phoebus
coarse,100,0.1,8,80000,0.000009,0.000000,0.000298,0.008140,0.000000,0.000000,0.008447,phoebus
coarse,100,0.5,8,80000,0.000007,0.000001,0.000244,0.009879,0.000000,0.000000,0.010131,phoebus
coarse,100,0.9,8,80000,0.000008,0.000000,0.000327,0.009983,0.000000,0.000000,0.010318,phoebus
coarse,1000,0.1,8,80000,0.000012,0.000004,0.000242,0.008008,0.000000,0.000000,0.008266,phoebus
coarse,1000,0.5,8,80000,0.000009,0.000004,0.000247,0.012185,0.000000,0.000001,0.012446,phoebus
coarse,1000,0.9,8,80000,0.000009,0.000005,0.000336,0.009976,0.000000,0.000000,0.010326,phoebus
coarse,10000,0.1,8,80000,0.000010,0.000057,0.000210,0.010363,0.000000,0.000000,0.010640,phoebus
coarse,10000,0.5,8,80000,0.000009,0.000060,0.000244,0.010381,0.000000,0.000000,0.010694,phoebus
coarse,10000,0.9,8,80000,0.000009,0.000049,0.000357,0.009134,0.000000,0.000000,0.009549,phoebus
fine,100,0.1,4,20000,0.000009,0.000002,0.000112,0.001144,0.000001,0.000000,0.001268,phoebus
fine,100,0.5,4,20000,0.000007,0.000002,0.000141,0.000997,0.000001,0.000000,0.001148,phoebus
fine,100,0.9,4,20000,0.000007,0.000002,0.000131,0.000982,0.000001,0.000000,0.001123,phoebus
fine,1000,0.1,4,20000,0.000010,0.000249,0.000104,0.000697,0.000003,0.000000,0.001063,phoebus
fine,1000,0.5,4,20000,0.000009,0.000021,0.000125,0.000711,0.000002,0.000000,0.000868,phoebus
fine,1000,0.9,4,20000,0.000009,0.000018,0.000137,0.000699,0.000004,0.000000,0.000867,phoebus
fine,10000,0.1,4,20000,0.000009,0.000207,0.000130,0.000623,0.000055,0.000001,0.001025,phoebus
fine,10000,0.5,4,20000,0.000009,0.000211,0.000117,0.000700,0.000056,0.000000,0.001093,phoebus
fine,10000,0.9,4,20000,0.000010,0.000359,0.000124,0.000743,0.000069,0.000001,0.001306,phoebus
fine,100,0.1,4,40000,0.000007,0.000002,0.000109,0.002427,0.000000,0.000001,0.002546,phoebus
fine,100,0.5,4,40000,0.000009,0.000002,0.000211,0.002543,0.000000,0.000001,0.002766,phoebus
fine,100,0.9,4,40000,0.000011,0.000003,0.001529,0.001458,0.000001,0.000000,0.003002,phoebus
fine,1000,0.1,4,40000,0.000011,0.000019,0.000128,0.001830,0.000003,0.000000,0.001991,phoebus
fine,1000,0.5,4,40000,0.000009,0.000018,0.000799,0.001459,0.000003,0.000000,0.002289,phoebus
fine,1000,0.9,4,40000,0.000014,0.000027,0.001757,0.003273,0.000004,0.000001,0.005076,phoebus
fine,10000,0.1,4,40000,0.000009,0.000246,0.000121,0.001419,0.000064,0.000001,0.001860,phoebus
fine,10000,0.5,4,40000,0.000009,0.000209,0.000208,0.001317,0.000057,0.000007,0.001807,phoebus
fine,10000,0.9,4,40000,0.000009,0.000201,0.000119,0.001936,0.000075,0.000001,0.002341,phoebus
fine,100,0.1,4,80000,0.000008,0.000002,0.000133,0.007137,0.000001,0.000000,0.007281,phoebus
fine,100,0.5,4,80000,0.000008,0.000002,0.000117,0.003900,0.000000,0.000000,0.004027,phoebus
fine,100,0.9,4,80000,0.000008,0.000003,0.000231,0.003291,0.000001,0.000000,0.003534,phoebus
fine,1000,0.1,4,80000,0.000009,0.000018,0.000158,0.002507,0.000003,0.000000,0.002695,phoebus
fine,1000,0.5,4,80000,0.000009,0.000021,0.000119,0.003236,0.000003,0.000000,0.003388,phoebus
fine,1000,0.9,4,80000,0.000010,0.000053,0.000163,0.003134,0.000003,0.000000,0.003363,phoebus
fine,10000,0.1,4,80000,0.000010,0.000221,0.000127,0.002376,0.000070,0.000000,0.002804,phoebus
fine,10000,0.5,4,80000,0.000009,0.000208,0.000109,0.002527,0.000058,0.000001,0.002912,phoebus
fine,10000,0.9,4,80000,0.000009,0.000207,0.000142,0.002405,0.000056,0.000001,0.002820,phoebus
fine,100,0.1,8,20000,0.000008,0.000002,0.000304,0.001471,0.000001,0.000000,0.001786,phoebus
fine,100,0.5,8,20000,0.000008,0.000003,0.000296,0.001101,0.000001,0.000000,0.001409,phoebus
fine,100,0.9,8,20000,0.000008,0.000002,0.000200,0.000834,0.000001,0.000000,0.001045,phoebus
fine,1000,0.1,8,20000,0.000010,0.000018,0.000570,0.000391,0.000002,0.000000,0.000991,phoebus
fine,1000,0.5,8,20000,0.000009,0.000018,0.000697,0.000352,0.000003,0.000000,0.001079,phoebus
fine,1000,0.9,8,20000,0.000014,0.000018,0.000659,0.000345,0.000003,0.000000,0.001039,phoebus
fine,10000,0.1,8,20000,0.000010,0.000321,0.000567,0.000297,0.000053,0.000001,0.001249,phoebus
fine,10000,0.5,8,20000,0.000010,0.000210,0.000618,0.000316,0.000053,0.000001,0.001208,phoebus
fine,10000,0.9,8,20000,0.000010,0.000214,0.000847,0.000357,0.000057,0.000001,0.001486,phoebus
fine,100,0.1,8,40000,0.000009,0.000002,0.000296,0.003216,0.000000,0.000000,0.003523,phoebus
fine,100,0.5,8,40000,0.000009,0.000002,0.000441,0.002065,0.000001,0.000000,0.002518,phoebus
fine,100,0.9,8,40000,0.000007,0.000003,0.000221,0.001545,0.000001,0.000000,0.001777,phoebus
fine,1000,0.1,8,40000,0.000008,0.000019,0.000239,0.001303,0.000002,0.000000,0.001571,phoebus
fine,1000,0.5,8,40000,0.000009,0.000019,0.000441,0.002669,0.000004,0.000000,0.003142,phoebus
fine,1000,0.9,8,40000,0.000012,0.000075,0.000887,0.000695,0.000003,0.000000,0.001672,phoebus
fine,10000,0.1,8,40000,0.000011,0.000277,0.000903,0.000484,0.000054,0.000001,0.001730,phoebus
fine,10000,0.5,8,40000,0.000011,0.000215,0.000997,0.000565,0.000055,0.000000,0.001843,phoebus
fine,10000,0.9,8,40000,0.000009,0.000216,0.000770,0.000722,0.000049,0.000001,0.001767,phoebus
fine,100,0.1,8,80000,0.000007,0.000003,0.000292,0.007529,0.000001,0.000000,0.007832,phoebus
fine,100,0.5,8,80000,0.000008,0.000002,0.000205,0.004691,0.000000,0.000000,0.004906,phoebus
fine,100,0.9,8,80000,0.000007,0.000003,0.000189,0.003777,0.000001,0.000000,0.003977,phoebus
fine,1000,0.1,8,80000,0.000011,0.000023,0.000588,0.002624,0.000035,0.000000,0.003281,phoebus
fine,1000,0.5,8,80000,0.000010,0.000021,0.001346,0.001363,0.000002,0.000000,0.002742,phoebus
fine,1000,0.9,8,80000,0.000009,0.000021,0.000231,0.002503,0.000002,0.000000,0.002766,phoebus
fine,10000,0.1,8,80000,0.000010,0.000295,0.001165,0.002196,0.000066,0.000001,0.003733,phoebus
fine,10000,0.5,8,80000,0.000011,0.000226,0.001824,0.001673,0.000072,0.000001,0.003808,phoebus
fine,10000,0.9,8,80000,0.000013,0.000213,0.000788,0.002151,0.000061,0.000001,0.003227,phoebus
rwlock,100,0.1,4,20000,0.000008,0.000002,0.000167,0.001895,0.000001,0.000000,0.002073,phoebus
rwlock,100,0.5,4,20000,0.000009,0.000004,0.000112,0.001414,0.000001,0.000000,0.001540,phoebus
rwlock,100,0.9,4,20000,0.000009,0.000002,0.000165,0.001043,0.000001,0.000000,0.001220,phoebus
rwlock,1000,0.1,4,20000,0.000009,0.000022,0.000119,0.001685,0.000002,0.000001,0.001838,phoebus
rwlock,1000,0.5,4,20000,0.000009,0.000026,0.000114,0.000816,0.000002,0.000000,0.000967,phoebus
rwlock,1000,0.9,4,20000,0.000009,0.000022,0.000157,0.000757,0.000001,0.000001,0.000947,phoebus
rwlock,10000,0.1,4,20000,0.000010,0.000383,0.000144,0.000961,0.000058,0.000001,0.001557,phoebus
rwlock,10000,0.5,4,20000,0.000010,0.000310,0.000127,0.001685,0.000082,0.000000,0.002214,phoebus
rwlock,10000,0.9,4,20000,0.000014,0.000374,0.000877,0.000170,0.000059,0.000000,0.001494,phoebus
rwlock,100,0.1,4,40000,0.000013,0.000003,0.000551,0.004188,0.000001,0.000000,0.004756,phoebus
rwlock,100,0.5,4,40000,0.000009,0.000007,0.000151,0.003965,0.000001,0.000000,0.004133,phoebus
rwlock,100,0.9,4,40000,0.000008,0.000002,0.001496,0.002277,0.000000,0.000000,0.003783,phoebus
rwlock,1000,0.1,4,40000,0.000011,0.000033,0.000262,0.001603,0.000002,0.000000,0.001911,phoebus
rwlock,1000,0.5,4,40000,0.000008,0.000024,0.000151,0.001640,0.000001,0.000001,0.001825,phoebus
rwlock,1000,0.9,4,40000,0.000008,0.000022,0.000127,0.001344,0.000002,0.000000,0.001503,phoebus
rwlock,10000,0.1,4,40000,0.000011,0.000252,0.000133,0.004050,0.000068,0.000001,0.004515,phoebus
rwlock,10000,0.5,4,40000,0.000011,0.000264,0.000131,0.001703,0.000075,0.000001,0.002185,phoebus
rwlock,10000,0.9,4,40000,0.000010,0.000336,0.000106,0.001313,0.000053,0.000000,0.001818,phoebus
rwlock,100,0.1,4,80000,0.000008,0.000002,0.000104,0.007004,0.000001,0.000000,0.007119,phoebus
rwlock,100,0.5,4,80000,0.000009,0.000005,0.000191,0.005676,0.000001,0.000000,0.005882,phoebus
rwlock,100,0.9,4,80000,0.000008,0.000002,0.000105,0.003525,0.000001,0.000000,0.003641,phoebus
rwlock,1000,0.1,4,80000,0.000009,0.000024,0.000159,0.002894,0.000002,0.000000,0.003088,phoebus
rwlock,1000,0.5,4,80000,0.000009,0.000027,0.000151,0.004015,0.000003,0.000000,0.004205,phoebus
rwlock,1000,0.9,4,80000,0.000010,0.000024,0.000127,0.002628,0.000002,0.000000,0.002791,phoebus
rwlock,10000,0.1,4,80000,0.000008,0.000459,0.000113,0.003514,0.000152,0.000000,0.004246,phoebus
rwlock,10000,0.5,4,80000,0.000011,0.000328,0.000140,0.003001,0.000060,0.000001,0.003541,phoebus
rwlock,10000,0.9,4,80000,0.000009,0.000245,0.000142,0.003048,0.000053,0.000001,0.003498,phoebus
rwlock,100,0.1,8,20000,0.000007,0.000002,0.000182,0.004901,0.000001,0.000000,0.005094,phoebus
rwlock,100,0.5,8,20000,0.000007,0.000004,0.000254,0.002904,0.000001,0.000000,0.003170,phoebus
rwlock,100,0.9,8,20000,0.000008,0.000003,0.000432,0.000969,0.000001,0.000000,0.001413,phoebus
rwlock,1000,0.1,8,20000,0.000008,0.000021,0.000244,0.002232,0.000002,0.000000,0.002507,phoebus
rwlock,1000,0.5,8,20000,0.000013,0.000034,0.000668,0.000387,0.000003,0.000000,0.001105,phoebus
rwlock,1000,0.9,8,20000,0.000009,0.000022,0.000709,0.000384,0.000001,0.000001,0.001126,phoebus
rwlock,10000,0.1,8,20000,0.000010,0.000259,0.000628,0.000458,0.000050,0.000001,0.001406,phoebus
rwlock,10000,0.5,8,20000,0.000011,0.000251,0.000736,0.000390,0.000045,0.000000,0.001433,phoebus
rwlock,10000,0.9,8,20000,0.000010,0.000257,0.000712,0.000394,0.000046,0.000001,0.001420,phoebus
rwlock,100,0.1,8,40000,0.000008,0.000002,0.000247,0.013477,0.000001,0.000000,0.013735,phoebus
rwlock,100,0.5,8,40000,0.000009,0.000004,0.000263,0.006011,0.000000,0.000000,0.006287,phoebus
rwlock,100,0.9,8,40000,0.000013,0.000003,0.000299,0.002720,0.000000,0.000000,0.003035,phoebus
rwlock,1000,0.1,8,40000,0.000010,0.000023,0.001355,0.000660,0.000002,0.000000,0.002050,phoebus
rwlock,1000,0.5,8,40000,0.000010,0.000026,0.000686,0.003160,0.000002,0.000000,0.003884,phoebus
rwlock,1000,0.9,8,40000,0.000009,0.000059,0.000739,0.000738,0.000002,0.000000,0.001547,phoebus
rwlock,10000,0.1,8,40000,0.000011,0.000274,0.000906,0.000677,0.000057,0.000000,0.001925,phoebus
rwlock,10000,0.5,8,40000,0.000011,0.000261,0.000940,0.001069,0.000052,0.000001,0.002334,phoebus
rwlock,10000,0.9,8,40000,0.000013,0.000270,0.000974,0.000752,0.000052,0.000000,0.002061,phoebus
rwlock,100,0.1,8,80000,0.000008,0.000002,0.000248,0.012474,0.000001,0.000000,0.012733,phoebus
rwlock,100,0.5,8,80000,0.000010,0.000004,0.000255,0.008046,0.000001,0.000000,0.008316,phoebus
rwlock,100,0.9,8,80000,0.000008,0.000003,0.000605,0.005376,0.000000,0.000001,0.005993,phoebus
rwlock,1000,0.1,8,80000,0.000009,0.000025,0.000287,0.002691,0.000002,0.000000,0.003014,phoebus
rwlock,1000,0.5,8,80000,0.000010,0.000026,0.001202,0.002308,0.000002,0.000000,0.003548,phoebus
rwlock,1000,0.9,8,80000,0.000011,0.000022,0.000217,0.003885,0.000002,0.000001,0.004138,phoebus
rwlock,10000,0.1,8,80000,0.000012,0.000265,0.001249,0.001490,0.000053,0.000001,0.003070,phoebus
rwlock,10000,0.5,8,80000,0.000010,0.000247,0.001475,0.001319,0.000048,0.000000,0.003099,phoebus
rwlock,10000,0.9,8,80000,0.000045,0.000272,0.001768,0.001320,0.000074,0.000001,0.003480,phoebus
