degree,threads,time_alloc,time_init,time_thread_create,time_compute,time_join,time_reduce,time_verify,time_cleanup,time_total,verification,user
5000,sequential,0.000030,0.000051,0.0,0.011753,0.0,0.0,0.0,0.000001,0.011835,PASS,phoebus
5000,1,0.000037,0.000051,0.000036,0.016122,0.000000,0.000011,0.012752,0.000001,0.029010,PASS,phoebus
5000,2,0.000046,0.000047,0.000058,0.005723,0.000000,0.000015,0.012242,0.000000,0.018131,PASS,phoebus
5000,4,0.000079,0.000048,0.000139,0.005939,0.000000,0.000032,0.012992,0.000001,0.019230,PASS,phoebus
5000,8,0.000124,0.000051,0.001012,0.003160,0.000000,0.000051,0.012489,0.000001,0.016888,PASS,phoebus
5000,16,0.000271,0.000049,0.001140,0.002845,0.000000,0.000110,0.011252,0.000002,0.015669,PASS,phoebus
20000,sequential,0.000018,0.000206,0.0,0.181015,0.0,0.0,0.0,0.000042,0.181281,PASS,phoebus
20000,1,0.000021,0.000201,0.000034,0.194256,0.000001,0.000126,0.200009,0.000031,0.394679,PASS,phoebus
20000,2,0.000028,0.000210,0.000060,0.097361,0.000000,0.000138,0.184469,0.000036,0.282302,PASS,phoebus
20000,4,0.000028,0.000204,0.000119,0.074957,0.000000,0.000313,0.182479,0.000054,0.258154,PASS,phoebus
20000,8,0.000056,0.000232,0.002029,0.079293,0.000000,0.000651,0.186273,0.000142,0.268677,PASS,phoebus
20000,16,0.000057,0.000207,0.002028,0.046197,0.000000,0.000822,0.180466,0.000119,0.229896,PASS,phoebus
80000,sequential,0.000020,0.000862,0.0,3.028005,0.0,0.0,0.0,0.000171,3.029058,PASS,phoebus
80000,1,0.000022,0.000826,0.000045,3.034149,0.000000,0.000317,3.079266,0.000127,6.114752,PASS,phoebus
80000,2,0.000025,0.000840,0.000088,1.659400,0.000000,0.000981,3.041982,0.000126,4.703443,PASS,phoebus
80000,4,0.000032,0.000850,0.000113,1.214563,0.000000,0.000968,3.045571,0.000254,4.262351,PASS,phoebus
80000,8,0.000039,0.000922,0.001366,0.802377,0.000000,0.001763,2.972354,0.000185,3.779007,PASS,phoebus
80000,16,0.000060,0.000846,0.007688,0.729379,0.000000,0.003236,2.977282,0.000242,3.718733,PASS,phoebus
100000,sequential,0.000021,0.001093,0.0,4.677198,0.0,0.0,0.0,0.000118,4.678430,PASS,phoebus
100000,1,0.000024,0.001033,0.000041,4.583863,0.000000,0.000412,4.662645,0.000266,9.248284,PASS,phoebus
100000,2,0.000024,0.001050,0.000060,2.332915,0.000000,0.000671,4.681620,0.000469,7.016810,PASS,phoebus
100000,4,0.000029,0.001109,0.000432,1.775032,0.000000,0.001158,4.569985,0.000210,6.347955,PASS,phoebus
100000,8,0.000037,0.001111,0.001030,1.225575,0.000000,0.002156,4.608323,0.000243,5.838475,PASS,phoebus
100000,16,0.000055,0.001213,0.002328,1.215854,0.000000,0.004117,4.552268,0.000287,5.776123,PASS,phoebus
5000,sequential,0.000023,0.000048,0.0,0.011729,0.0,0.0,0.0,0.000002,0.011802,PASS,phoebus
5000,1,0.000041,0.000048,0.001418,0.009747,0.000000,0.000007,0.011461,0.000001,0.022723,PASS,phoebus
5000,2,0.000053,0.000051,0.000082,0.005886,0.000000,0.000015,0.012609,0.000001,0.018697,PASS,phoebus
5000,4,0.000074,0.000051,0.000158,0.004265,0.000000,0.000030,0.011795,0.000002,0.016375,PASS,phoebus
5000,8,0.000174,0.000047,0.001226,0.002774,0.000000,0.000050,0.012978,0.000002,0.017252,PASS,phoebus
5000,16,0.000261,0.000048,0.001129,0.002760,0.000000,0.000118,0.011320,0.000002,0.015638,PASS,phoebus
20000,sequential,0.000018,0.000210,0.0,0.187112,0.0,0.0,0.0,0.000046,0.187386,PASS,phoebus
20000,1,0.000021,0.000206,0.000035,0.192597,0.000000,0.000179,0.180540,0.000032,0.373611,PASS,phoebus
20000,2,0.000023,0.000209,0.000057,0.090289,0.000000,0.000136,0.178495,0.000036,0.269245,PASS,phoebus
20000,4,0.000062,0.000203,0.000112,0.071776,0.000000,0.000292,0.179900,0.000055,0.252400,PASS,phoebus
20000,8,0.000037,0.000254,0.001888,0.053871,0.000000,0.000452,0.181034,0.000082,0.237618,PASS,phoebus
20000,16,0.000055,0.000216,0.002069,0.045872,0.000000,0.000836,0.178075,0.000115,0.227238,PASS,phoebus
80000,sequential,0.000018,0.000854,0.0,2.983260,0.0,0.0,0.0,0.000105,2.984237,PASS,phoebus
80000,1,0.000023,0.000866,0.000048,2.921501,0.000000,0.000335,2.963559,0.000149,5.886482,PASS,phoebus
80000,2,0.000035,0.000809,0.000078,1.561411,0.000000,0.000506,2.937668,0.000266,4.500773,PASS,phoebus
80000,4,0.000029,0.000895,0.000161,1.175520,0.000000,0.000935,2.918727,0.000293,4.096560,PASS,phoebus
80000,8,0.000040,0.000882,0.002263,0.782171,0.000000,0.001754,2.914918,0.000190,3.702218,PASS,phoebus
80000,16,0.000058,0.000864,0.000908,0.768643,0.000000,0.003438,2.952768,0.000293,3.726972,PASS,phoebus
100000,sequential,0.000019,0.001059,0.0,4.549112,0.0,0.0,0.0,0.000117,4.550307,PASS,phoebus
100000,1,0.000027,0.001073,0.000060,4.719923,0.000000,0.000490,4.684629,0.000231,9.406434,PASS,phoebus
100000,2,0.000025,0.001091,0.000056,2.347344,0.000000,0.000669,4.557830,0.000236,6.907251,PASS,phoebus
100000,4,0.000028,0.001058,0.000115,1.902441,0.000000,0.001170,4.727718,0.000395,6.632925,PASS,phoebus
100000,8,0.000039,0.001049,0.001528,1.350024,0.000000,0.002122,4.705100,0.000258,6.060121,PASS,phoebus
100000,16,0.000061,0.001109,0.002280,1.140672,0.000000,0.004073,4.715735,0.000776,5.864707,PASS,phoebus
5000,sequential,0.000027,0.000048,0.0,0.013278,0.0,0.0,0.0,0.000002,0.013355,PASS,phoebus
5000,1,0.000073,0.000047,0.000037,0.014600,0.000000,0.000013,0.022781,0.000001,0.037552,PASS,phoebus
5000,2,0.000083,0.000058,0.001336,0.007591,0.000000,0.000042,0.012517,0.000001,0.021629,PASS,phoebus
5000,4,0.000848,0.000752,0.000287,0.006814,0.000001,0.000039,0.014457,0.000001,0.023201,PASS,phoebus
5000,8,0.000222,0.000060,0.000407,0.005826,0.000000,0.000072,0.014871,0.000003,0.021461,PASS,phoebus
5000,16,0.000368,0.000062,0.001343,0.005693,0.000000,0.000131,0.012609,0.000004,0.020211,PASS,phoebus
20000,sequential,0.000020,0.000218,0.0,0.195347,0.0,0.0,0.0,0.000040,0.195625,PASS,phoebus
20000,1,0.000024,0.000203,0.000037,0.192106,0.000000,0.000097,0.179555,0.000033,0.372055,PASS,phoebus
20000,2,0.000024,0.000224,0.000055,0.091691,0.000000,0.000136,0.177554,0.000040,0.269724,PASS,phoebus
20000,4,0.000027,0.000252,0.000136,0.082404,0.000000,0.000587,0.214710,0.000062,0.298178,PASS,phoebus
20000,8,0.000037,0.000242,0.001502,0.081597,0.000000,0.000579,0.226318,0.000168,0.310443,PASS,phoebus
20000,16,0.000055,0.000206,0.001962,0.048689,0.000000,0.000911,0.198528,0.000129,0.250481,PASS,phoebus
80000,sequential,0.000031,0.001281,0.0,3.186376,0.0,0.0,0.0,0.000114,3.187802,PASS,phoebus
80000,1,0.000024,0.000825,0.000049,3.048095,0.000000,0.000503,3.076455,0.000159,6.126111,PASS,phoebus
80000,2,0.000027,0.000856,0.000070,1.504594,0.000000,0.000529,3.023493,0.000243,4.529813,PASS,phoebus
80000,4,0.000034,0.000844,0.000672,1.174594,0.000000,0.000905,3.015451,0.000480,4.192980,PASS,phoebus
80000,8,0.000040,0.000856,0.001114,0.829929,0.000000,0.001713,3.032602,0.000183,3.866437,PASS,phoebus
80000,16,0.000070,0.000844,0.001814,0.760640,0.000000,0.003274,2.978568,0.000364,3.745574,PASS,phoebus
100000,sequential,0.000018,0.001050,0.0,4.746988,0.0,0.0,0.0,0.000324,4.748380,PASS,phoebus
100000,1,0.000022,0.001038,0.000037,4.627647,0.000000,0.000517,4.674045,0.000168,9.303474,PASS,phoebus
100000,2,0.000028,0.001115,0.000063,2.387607,0.000000,0.000698,4.644397,0.000301,7.034210,PASS,phoebus
100000,4,0.000030,0.001039,0.000152,1.921279,0.000000,0.001287,4.604004,0.000407,6.528198,PASS,phoebus
100000,8,0.000038,0.001072,0.002139,1.349411,0.000000,0.002135,4.653554,0.000236,6.008585,PASS,phoebus
100000,16,0.000057,0.001045,0.002457,1.142847,0.000000,0.004278,4.676947,0.000457,5.828088,PASS,phoebus
5000,sequential,0.000027,0.000047,0.0,0.015954,0.0,0.0,0.0,0.000001,0.016029,PASS,phoebus
5000,1,0.000039,0.000059,0.000030,0.024293,0.000000,0.000012,0.011700,0.000001,0.036135,PASS,phoebus
5000,2,0.000048,0.000049,0.000087,0.007531,0.000000,0.000047,0.012328,0.000001,0.020091,PASS,phoebus
5000,4,0.000076,0.000048,0.001602,0.004591,0.000000,0.000036,0.012472,0.000002,0.018827,PASS,phoebus
5000,8,0.000172,0.000055,0.001436,0.004692,0.000000,0.000077,0.011315,0.000001,0.017748,PASS,phoebus
5000,16,0.000210,0.000141,0.001185,0.003126,0.000000,0.000104,0.012982,0.000004,0.017752,PASS,phoebus
20000,sequential,0.000016,0.000210,0.0,0.187808,0.0,0.0,0.0,0.000044,0.188078,PASS,phoebus
20000,1,0.000021,0.000202,0.000047,0.221191,0.000000,0.000101,0.183066,0.000035,0.404663,PASS,phoebus
20000,2,0.000023,0.000203,0.000064,0.096411,0.000000,0.000140,0.186008,0.000035,0.282885,PASS,phoebus
20000,4,0.000025,0.000206,0.000171,0.081031,0.000000,0.000233,0.183019,0.000064,0.264749,PASS,phoebus
20000,8,0.000039,0.000207,0.002175,0.053617,0.000000,0.000436,0.181002,0.000076,0.237552,PASS,phoebus
20000,16,0.000054,0.000202,0.002541,0.045340,0.000000,0.000828,0.187813,0.000119,0.236897,PASS,phoebus
80000,sequential,0.000020,0.000836,0.0,2.973189,0.0,0.0,0.0,0.000107,2.974152,PASS,phoebus
80000,1,0.000027,0.000842,0.000034,2.949406,0.000000,0.000388,2.974945,0.000146,5.925789,PASS,phoebus
80000,2,0.000025,0.000880,0.000062,1.557655,0.000000,0.001891,3.052395,0.000148,4.613056,PASS,phoebus
80000,4,0.000024,0.000889,0.000108,1.253309,0.000000,0.000985,2.910963,0.000211,4.166490,PASS,phoebus
80000,8,0.000038,0.000858,0.001484,0.841315,0.000000,0.001696,2.948498,0.000217,3.794106,PASS,phoebus
80000,16,0.000060,0.000867,0.002420,0.797907,0.000000,0.003308,2.980504,0.000267,3.785333,PASS,phoebus
100000,sequential,0.000019,0.001038,0.0,4.714073,0.0,0.0,0.0,0.000121,4.715251,PASS,phoebus
100000,1,0.000024,0.001071,0.000051,4.671073,0.000000,0.000438,4.693307,0.000145,9.366109,PASS,phoebus
100000,2,0.000024,0.001054,0.000059,2.394834,0.000000,0.000729,4.621953,0.000297,7.018950,PASS,phoebus
100000,4,0.000028,0.001046,0.000234,1.875415,0.000000,0.001138,4.615818,0.000268,6.493947,PASS,phoebus
100000,8,0.000043,0.001068,0.002018,1.291225,0.000000,0.002378,4.611739,0.000435,5.908907,PASS,phoebus
100000,16,0.000060,0.001073,0.002072,1.155545,0.000000,0.004150,4.666299,0.000346,5.829546,PASS,phoebus
5000,sequential,0.000023,0.000049,0.0,0.014617,0.0,0.0,0.0,0.000002,0.014691,PASS,phoebus
5000,1,0.000055,0.000062,0.002562,0.010616,0.000000,0.000025,0.012055,0.000001,0.025376,PASS,phoebus
5000,2,0.000052,0.000059,0.000062,0.009814,0.000000,0.000014,0.011812,0.000001,0.021814,PASS,phoebus
5000,4,0.000075,0.000049,0.000144,0.004613,0.000000,0.000036,0.011816,0.000001,0.016735,PASS,phoebus
5000,8,0.000121,0.000047,0.001971,0.003418,0.000000,0.000070,0.012427,0.000002,0.018057,PASS,phoebus
5000,16,0.000225,0.000049,0.001217,0.003289,0.000000,0.000117,0.011269,0.000004,0.016171,PASS,phoebus
20000,sequential,0.000016,0.000210,0.0,0.184419,0.0,0.0,0.0,0.000040,0.184685,PASS,phoebus
20000,1,0.000020,0.000202,0.000032,0.181899,0.000000,0.000110,0.193152,0.000044,0.375459,PASS,phoebus
20000,2,0.000022,0.000203,0.000061,0.094132,0.000001,0.000165,0.203846,0.000038,0.298469,PASS,phoebus
20000,4,0.000033,0.000211,0.000131,0.082657,0.000000,0.000318,0.191858,0.000056,0.275264,PASS,phoebus
20000,8,0.000041,0.000213,0.001463,0.051949,0.000000,0.000443,0.182994,0.000085,0.237188,PASS,phoebus
20000,16,0.000061,0.000207,0.004260,0.045999,0.000000,0.000927,0.207886,0.000203,0.259543,PASS,phoebus
80000,sequential,0.000020,0.000876,0.0,2.988385,0.0,0.0,0.0,0.000215,2.989496,PASS,phoebus
80000,1,0.000019,0.000868,0.000037,2.932735,0.000000,0.000395,2.976337,0.000126,5.910517,PASS,phoebus
80000,2,0.000027,0.000875,0.000064,1.488839,0.000000,0.000599,2.924232,0.000187,4.414824,PASS,phoebus
80000,4,0.000028,0.002829,0.000139,1.197968,0.000000,0.000967,3.005011,0.000152,4.207094,PASS,phoebus
80000,8,0.000043,0.000916,0.001871,0.840868,0.000000,0.001709,2.935553,0.000207,3.781168,PASS,phoebus
80000,16,0.000059,0.000866,0.002018,0.778861,0.000000,0.003330,3.014997,0.000243,3.800374,PASS,phoebus
100000,sequential,0.000020,0.001088,0.0,4.626335,0.0,0.0,0.0,0.000122,4.627565,PASS,phoebus
100000,1,0.000063,0.001091,0.000053,4.630474,0.000000,0.000453,4.657904,0.000170,9.290209,PASS,phoebus
100000,2,0.000026,0.001105,0.000062,2.434868,0.000000,0.000793,4.612614,0.000245,7.049714,PASS,phoebus
100000,4,0.000028,0.001085,0.000124,1.896801,0.000000,0.001171,4.523784,0.000240,6.423233,PASS,phoebus
100000,8,0.000036,0.001111,0.001953,1.292230,0.000000,0.002203,4.607422,0.000317,5.905272,PASS,phoebus
100000,16,0.000059,0.001093,0.000431,1.216188,0.000000,0.004236,4.570282,0.000303,5.792593,PASS,phoebus
5000,sequential,0.000219,0.000223,0.0,0.041842,0.0,0.0,0.0,0.000005,0.042289,PASS,ea24205
5000,1,0.000278,0.000226,0.000084,0.044047,0.000000,0.000026,0.018934,0.000001,0.063597,PASS,ea24205
5000,2,0.000331,0.000222,0.000140,0.010897,0.000000,0.000040,0.012657,0.000000,0.024288,PASS,ea24205
5000,4,0.000123,0.000058,0.000140,0.005086,0.000000,0.000032,0.013375,0.000001,0.018815,PASS,ea24205
5000,8,0.000196,0.000060,0.000191,0.003946,0.000000,0.000063,0.013316,0.000001,0.017773,PASS,ea24205
5000,16,0.001232,0.000222,0.000954,0.013305,0.000000,0.000448,0.031120,0.000001,0.047284,PASS,ea24205
20000,sequential,0.000101,0.000539,0.0,0.220676,0.0,0.0,0.0,0.000015,0.221331,PASS,ea24205
20000,1,0.000091,0.000541,0.000053,0.225116,0.000001,0.000121,0.201728,0.000018,0.427669,PASS,ea24205
20000,2,0.000079,0.000450,0.000070,0.105911,0.000000,0.000190,0.200930,0.000021,0.307651,PASS,ea24205
20000,4,0.000051,0.000242,0.000140,0.079085,0.000000,0.000328,0.199985,0.000027,0.279859,PASS,ea24205
20000,8,0.000064,0.000242,0.000221,0.072992,0.000000,0.000577,0.201197,0.000036,0.275329,PASS,ea24205
20000,16,0.000087,0.000242,0.000342,0.055225,0.000000,0.001198,0.201549,0.000057,0.258700,PASS,ea24205
80000,sequential,0.000082,0.001744,0.0,3.257765,0.0,0.0,0.0,0.000055,3.259646,PASS,ea24205
80000,1,0.000044,0.000982,0.000032,3.260588,0.000000,0.000404,3.257623,0.000094,6.519767,PASS,ea24205
80000,2,0.000047,0.000977,0.000055,1.680862,0.000000,0.000683,3.256855,0.000098,4.939577,PASS,ea24205
80000,4,0.000156,0.002335,0.000165,1.299106,0.000000,0.001262,3.262750,0.000115,4.565889,PASS,ea24205
80000,8,0.000067,0.001064,0.000209,0.919441,0.000000,0.002344,3.257630,0.000128,4.180883,PASS,ea24205
80000,16,0.000282,0.002915,0.000718,0.919214,0.000000,0.004696,3.261799,0.000165,4.189789,PASS,ea24205
100000,sequential,0.000087,0.001336,0.0,5.101601,0.0,0.0,0.0,0.000071,5.103095,PASS,ea24205
100000,1,0.000045,0.001220,0.000033,5.091584,0.000000,0.000494,5.098039,0.000111,10.191526,PASS,ea24205
100000,2,0.000047,0.001277,0.000058,2.632022,0.000000,0.000853,5.093988,0.000119,7.728364,PASS,ea24205
100000,4,0.000054,0.001282,0.000112,2.015574,0.000000,0.001641,5.094437,0.000138,7.113238,PASS,ea24205
100000,8,0.000193,0.003670,0.000383,1.554319,0.000001,0.003027,5.100554,0.000156,6.662304,PASS,ea24205
100000,16,0.000197,0.002773,0.000556,1.443596,0.000000,0.005841,5.099243,0.000200,6.552407,PASS,ea24205
5000,sequential,0.000195,0.000200,0.0,0.015462,0.0,0.0,0.0,0.000001,0.015858,PASS,ea24205
5000,1,0.000079,0.000063,0.000031,0.013214,0.000000,0.000020,0.012814,0.000001,0.026222,PASS,ea24205
5000,2,0.000089,0.000056,0.000061,0.006647,0.000000,0.000028,0.012665,0.000000,0.019546,PASS,ea24205
5000,4,0.000130,0.000061,0.000091,0.005254,0.000000,0.000063,0.015035,0.000001,0.020635,PASS,ea24205
5000,8,0.000224,0.000077,0.000174,0.004714,0.000000,0.000070,0.014974,0.000001,0.020234,PASS,ea24205
5000,16,0.000382,0.000067,0.000300,0.004655,0.000000,0.000144,0.014936,0.000001,0.020485,PASS,ea24205
20000,sequential,0.000049,0.000255,0.0,0.201005,0.0,0.0,0.0,0.000016,0.201325,PASS,ea24205
20000,1,0.000042,0.000242,0.000030,0.200836,0.000000,0.000149,0.201358,0.000017,0.402674,PASS,ea24205
20000,2,0.000045,0.000242,0.000062,0.103967,0.000000,0.000190,0.200593,0.000020,0.305119,PASS,ea24205
20000,4,0.000051,0.000243,0.000144,0.079218,0.000000,0.000329,0.200236,0.000026,0.280248,PASS,ea24205
20000,8,0.000064,0.000241,0.000217,0.062917,0.000000,0.000575,0.201160,0.000036,0.265210,PASS,ea24205
20000,16,0.000252,0.000722,0.000709,0.069470,0.000000,0.001129,0.201100,0.000062,0.273444,PASS,ea24205
80000,sequential,0.000046,0.000974,0.0,3.252204,0.0,0.0,0.0,0.000058,3.253282,PASS,ea24205
80000,1,0.000045,0.000973,0.000029,3.257192,0.000000,0.000426,3.253451,0.000093,6.512210,PASS,ea24205
80000,2,0.000049,0.001013,0.000053,1.682846,0.000000,0.000691,3.256665,0.000095,4.941413,PASS,ea24205
80000,4,0.000095,0.001745,0.000134,1.292952,0.000000,0.001255,3.263760,0.000116,4.560058,PASS,ea24205
80000,8,0.000065,0.001036,0.000218,1.012175,0.000000,0.002361,3.255906,0.000136,4.271897,PASS,ea24205
80000,16,0.000195,0.002053,0.000431,0.935818,0.000000,0.004660,3.259100,0.000167,4.202425,PASS,ea24205
100000,sequential,0.000044,0.001228,0.0,5.092724,0.0,0.0,0.0,0.000078,5.094074,PASS,ea24205
100000,1,0.000044,0.001277,0.000024,5.101137,0.000000,0.000497,5.096252,0.000119,10.199350,PASS,ea24205
100000,2,0.000049,0.001230,0.000058,2.633963,0.000000,0.000854,5.092755,0.000120,7.729030,PASS,ea24205
100000,4,0.000055,0.001218,0.000144,2.016680,0.000000,0.001565,5.093258,0.000130,7.113050,PASS,ea24205
100000,8,0.000068,0.001227,0.000236,1.523705,0.000000,0.003019,5.099265,0.000154,6.627675,PASS,ea24205
100000,16,0.000265,0.002889,0.000529,1.418325,0.000000,0.005803,5.100318,0.000193,6.528322,PASS,ea24205
5000,sequential,0.000187,0.000182,0.0,0.035068,0.0,0.0,0.0,0.000001,0.035438,PASS,ea24205
5000,1,0.000217,0.000171,0.000066,0.016281,0.000001,0.000019,0.012852,0.000000,0.029607,PASS,ea24205
5000,2,0.000093,0.000061,0.000049,0.007297,0.000000,0.000028,0.012637,0.000001,0.020167,PASS,ea24205
5000,4,0.000350,0.000168,0.000218,0.014056,0.000000,0.000085,0.031974,0.000001,0.046852,PASS,ea24205
5000,8,0.000238,0.000074,0.000175,0.005054,0.000000,0.000072,0.016055,0.000000,0.021668,PASS,ea24205
5000,16,0.001017,0.000183,0.000768,0.014126,0.000001,0.000366,0.028909,0.000001,0.045371,PASS,ea24205
20000,sequential,0.000051,0.000278,0.0,0.202839,0.0,0.0,0.0,0.000015,0.203183,PASS,ea24205
20000,1,0.000043,0.000243,0.000032,0.200748,0.000000,0.000117,0.201870,0.000017,0.403070,PASS,ea24205
20000,2,0.000050,0.000244,0.000060,0.103764,0.000000,0.000195,0.200241,0.000021,0.304575,PASS,ea24205
20000,4,0.000052,0.000278,0.000147,0.079176,0.000000,0.000333,0.200721,0.000027,0.280734,PASS,ea24205
20000,8,0.000062,0.000240,0.000215,0.065100,0.000000,0.000575,0.200379,0.000036,0.266607,PASS,ea24205
20000,16,0.000087,0.000273,0.000375,0.061333,0.000000,0.001130,0.200454,0.000057,0.263709,PASS,ea24205
80000,sequential,0.000047,0.001038,0.0,3.256269,0.0,0.0,0.0,0.000054,3.257408,PASS,ea24205
80000,1,0.000044,0.001054,0.000026,3.261544,0.000000,0.000403,3.251838,0.000098,6.515007,PASS,ea24205
80000,2,0.000103,0.002199,0.000079,1.684667,0.000000,0.000677,3.253953,0.000095,4.941773,PASS,ea24205
80000,4,0.000154,0.002949,0.000209,1.291960,0.000000,0.001258,3.253711,0.000117,4.550358,PASS,ea24205
80000,8,0.000066,0.000973,0.000213,1.053824,0.000000,0.002358,3.253505,0.000127,4.311066,PASS,ea24205
80000,16,0.000091,0.000978,0.000354,0.921131,0.000000,0.004672,3.255015,0.000167,4.182408,PASS,ea24205
100000,sequential,0.000044,0.001281,0.0,5.101009,0.0,0.0,0.0,0.000079,5.102413,PASS,ea24205
100000,1,0.000126,0.003055,0.000050,5.104456,0.000000,0.000497,5.098112,0.000110,10.206407,PASS,ea24205
100000,2,0.000048,0.001221,0.000062,2.630855,0.000000,0.000852,5.102037,0.000124,7.735199,PASS,ea24205
100000,4,0.000052,0.001216,0.000121,2.019344,0.000000,0.001670,5.101457,0.000132,7.123992,PASS,ea24205
100000,8,0.000065,0.001215,0.000224,1.604923,0.000000,0.003001,5.102929,0.000153,6.712510,PASS,ea24205
100000,16,0.000262,0.003659,0.000353,1.466349,0.000000,0.005963,5.101270,0.000193,6.578049,PASS,ea24205
5000,sequential,0.000189,0.000183,0.0,0.015776,0.0,0.0,0.0,0.000000,0.016148,PASS,ea24205
5000,1,0.000073,0.000059,0.000030,0.013751,0.000000,0.000020,0.014074,0.000000,0.028007,PASS,ea24205
5000,2,0.000093,0.000063,0.000047,0.007000,0.000000,0.000026,0.012688,0.000000,0.019917,PASS,ea24205
5000,4,0.000388,0.000181,0.000227,0.008909,0.000000,0.000044,0.012634,0.000001,0.022385,PASS,ea24205
5000,8,0.000193,0.000059,0.000211,0.004282,0.000000,0.000064,0.013624,0.000000,0.018433,PASS,ea24205
5000,16,0.000347,0.000061,0.000280,0.004025,0.000000,0.000126,0.013618,0.000001,0.018458,PASS,ea24205
20000,sequential,0.000050,0.000263,0.0,0.201603,0.0,0.0,0.0,0.000015,0.201931,PASS,ea24205
20000,1,0.000044,0.000247,0.000029,0.200421,0.000000,0.000125,0.200558,0.000017,0.401441,PASS,ea24205
20000,2,0.000072,0.000269,0.000060,0.104338,0.000000,0.000191,0.201449,0.000021,0.306400,PASS,ea24205
20000,4,0.000052,0.000243,0.000157,0.079060,0.000000,0.000363,0.200078,0.000027,0.279980,PASS,ea24205
20000,8,0.000064,0.000241,0.000217,0.068114,0.000000,0.000581,0.200612,0.000035,0.269865,PASS,ea24205
20000,16,0.000087,0.000243,0.000347,0.055595,0.000000,0.001129,0.201299,0.000057,0.258757,PASS,ea24205
80000,sequential,0.000049,0.000971,0.0,3.260614,0.0,0.0,0.0,0.000058,3.261692,PASS,ea24205
80000,1,0.000045,0.001040,0.000028,3.255285,0.000000,0.000406,3.260598,0.000091,6.517493,PASS,ea24205
80000,2,0.000047,0.000978,0.000063,1.683030,0.000000,0.000681,3.259238,0.000102,4.944140,PASS,ea24205
80000,4,0.000054,0.000974,0.000129,1.289246,0.000000,0.001314,3.334125,0.000114,4.625957,PASS,ea24205
80000,8,0.000145,0.002205,0.000273,1.086370,0.000000,0.002419,3.252141,0.000127,4.343680,PASS,ea24205
80000,16,0.000090,0.001052,0.000357,0.968280,0.000000,0.004652,3.259245,0.000161,4.233838,PASS,ea24205
100000,sequential,0.000047,0.001303,0.0,5.093403,0.0,0.0,0.0,0.000074,5.094827,PASS,ea24205
100000,1,0.000045,0.001233,0.000031,5.093480,0.000000,0.000486,5.096731,0.000114,10.192120,PASS,ea24205
100000,2,0.000083,0.002178,0.000068,2.635515,0.000000,0.000849,5.094428,0.000121,7.733242,PASS,ea24205
100000,4,0.000053,0.001335,0.000145,2.016469,0.000000,0.001571,5.098826,0.000141,7.118540,PASS,ea24205
100000,8,0.000067,0.001217,0.000232,1.474384,0.000000,0.002948,5.101934,0.000150,6.580932,PASS,ea24205
100000,16,0.000091,0.001221,0.000368,1.479570,0.000000,0.005910,5.099536,0.000197,6.586893,PASS,ea24205
5000,sequential,0.000209,0.000201,0.0,0.036083,0.0,0.0,0.0,0.000000,0.036493,PASS,ea24205
5000,1,0.000098,0.000077,0.000035,0.014220,0.000000,0.000020,0.012642,0.000001,0.027093,PASS,ea24205
5000,2,0.000085,0.000056,0.000057,0.006546,0.000000,0.000028,0.012730,0.000001,0.019504,PASS,ea24205
5000,4,0.000128,0.000060,0.000113,0.005266,0.000000,0.000059,0.013614,0.000000,0.019240,PASS,ea24205
5000,8,0.000210,0.000064,0.000160,0.004428,0.000000,0.000065,0.014048,0.000000,0.018976,PASS,ea24205
5000,16,0.000396,0.000070,0.000333,0.004916,0.000000,0.000142,0.015497,0.000001,0.021355,PASS,ea24205
20000,sequential,0.000055,0.000299,0.0,0.208513,0.0,0.0,0.0,0.000017,0.208884,PASS,ea24205
20000,1,0.000085,0.000257,0.000029,0.201159,0.000000,0.000120,0.201342,0.000018,0.403011,PASS,ea24205
20000,2,0.000046,0.000242,0.000059,0.104778,0.000000,0.000191,0.200765,0.000022,0.306104,PASS,ea24205
20000,4,0.000052,0.000243,0.000123,0.079103,0.000000,0.000387,0.203292,0.000030,0.283230,PASS,ea24205
20000,8,0.000063,0.000242,0.000218,0.061841,0.000000,0.000577,0.201577,0.000035,0.264554,PASS,ea24205
20000,16,0.000089,0.000243,0.000362,0.058836,0.000000,0.001130,0.200577,0.000064,0.261301,PASS,ea24205
80000,sequential,0.000042,0.000984,0.0,3.263231,0.0,0.0,0.0,0.000058,3.264315,PASS,ea24205
80000,1,0.000043,0.000977,0.000023,3.256940,0.000000,0.000380,3.256874,0.000090,6.515328,PASS,ea24205
80000,2,0.000049,0.000984,0.000063,1.684985,0.000000,0.000733,3.256676,0.000101,4.943592,PASS,ea24205
80000,4,0.000054,0.000976,0.000138,1.288881,0.000000,0.001246,3.254283,0.000112,4.545690,PASS,ea24205
80000,8,0.000067,0.000973,0.000226,0.988832,0.000000,0.002409,3.255838,0.000127,4.248473,PASS,ea24205
80000,16,0.000095,0.000985,0.000375,0.922143,0.000000,0.004735,3.255264,0.000162,4.183759,PASS,ea24205
100000,sequential,0.000084,0.002194,0.0,5.094998,0.0,0.0,0.0,0.000072,5.097348,PASS,ea24205
100000,1,0.000045,0.001274,0.000029,5.105605,0.000000,0.000477,5.095442,0.000113,10.202985,PASS,ea24205
100000,2,0.000047,0.001214,0.000065,2.631610,0.000000,0.000851,5.103469,0.000119,7.737375,PASS,ea24205
100000,4,0.000054,0.001228,0.000135,2.014038,0.000000,0.001553,5.095546,0.000138,7.112693,PASS,ea24205
100000,8,0.000067,0.001216,0.000223,1.570621,0.000000,0.003002,5.092241,0.000153,6.667523,PASS,ea24205
100000,16,0.000090,0.001216,0.000360,1.400967,0.000000,0.005947,5.100135,0.000196,6.508911,PASS,ea24205
5000,sequential,0.000018,0.000037,0.0,0.008689,0.0,0.0,0.0,0.000002,0.008746,PASS,marr
5000,1,0.000028,0.000037,0.000063,0.007830,0.000000,0.000005,0.006793,0.000001,0.014757,PASS,marr
5000,2,0.000034,0.000036,0.000102,0.005235,0.000000,0.000008,0.006962,0.000000,0.012377,PASS,marr
5000,4,0.000050,0.000036,0.000182,0.007797,0.000000,0.000023,0.007480,0.000001,0.015569,PASS,marr
5000,8,0.000085,0.000038,0.000956,0.002871,0.000000,0.000038,0.006636,0.000001,0.010625,PASS,marr
5000,16,0.000153,0.000037,0.050060,0.017489,0.000000,0.000068,0.006580,0.000003,0.074390,PASS,marr
20000,sequential,0.000012,0.000175,0.0,0.110559,0.0,0.0,0.0,0.000034,0.110780,PASS,marr
20000,1,0.000015,0.000288,0.000056,0.108456,0.000000,0.000057,0.090297,0.000021,0.199191,PASS,marr
20000,2,0.000014,0.000321,0.000106,0.070257,0.000000,0.000083,0.093536,0.000026,0.164343,PASS,marr
20000,4,0.000017,0.000219,0.000201,0.057299,0.000000,0.000150,0.091598,0.000032,0.149516,PASS,marr
20000,8,0.000024,0.000289,0.003648,0.052396,0.000000,0.000274,0.096105,0.000043,0.152779,PASS,marr
20000,16,0.000047,0.000150,0.002419,0.029386,0.000000,0.000490,0.091727,0.000060,0.124279,PASS,marr
80000,sequential,0.000012,0.000895,0.0,1.701482,0.0,0.0,0.0,0.000081,1.702470,PASS,marr
80000,1,0.000015,0.000807,0.000065,1.734091,0.000001,0.000223,1.596880,0.000086,3.332169,PASS,marr
80000,2,0.000017,0.000802,0.000113,0.923143,0.000000,0.000358,1.515116,0.000244,2.439795,PASS,marr
80000,4,0.000020,0.000596,0.000246,0.680345,0.000000,0.000646,1.641055,0.000119,2.323027,PASS,marr
80000,8,0.000027,0.000596,0.060366,0.373699,0.000001,0.001102,1.480801,0.000197,1.916789,PASS,marr
80000,16,0.000038,0.000642,0.007452,0.391580,0.000000,0.002060,1.613394,0.000139,2.015305,PASS,marr
100000,sequential,0.000025,0.001073,0.0,2.906490,0.0,0.0,0.0,0.000250,2.907838,PASS,marr
100000,1,0.000014,0.000759,0.000159,2.702031,0.000000,0.000317,2.440743,0.000223,5.144246,PASS,marr
100000,2,0.000021,0.000794,0.000147,1.391901,0.000000,0.000451,2.328019,0.000363,3.721697,PASS,marr
100000,4,0.000023,0.000742,0.005960,1.060639,0.000000,0.000721,2.415066,0.001603,3.484754,PASS,marr
100000,8,0.000209,0.001528,0.004916,0.629911,0.000000,0.001339,2.531912,0.000155,3.169970,PASS,marr
100000,16,0.000040,0.001065,0.001551,0.655082,0.000000,0.002463,2.364014,0.000167,3.024383,PASS,marr
5000,sequential,0.000016,0.000038,0.0,0.007755,0.0,0.0,0.0,0.000001,0.007810,PASS,marr
5000,1,0.000030,0.000067,0.000080,0.007580,0.000001,0.000006,0.006200,0.000000,0.013964,PASS,marr
5000,2,0.000035,0.000037,0.000101,0.003970,0.000000,0.000012,0.006362,0.000001,0.010518,PASS,marr
5000,4,0.000050,0.000036,0.000234,0.002708,0.000000,0.000022,0.006366,0.000000,0.009416,PASS,marr
5000,8,0.000087,0.000038,0.000703,0.002300,0.000000,0.000045,0.006580,0.000000,0.009753,PASS,marr
5000,16,0.000162,0.000038,0.001709,0.006639,0.000000,0.000085,0.006191,0.000001,0.014825,PASS,marr
20000,sequential,0.000015,0.000153,0.0,0.112767,0.0,0.0,0.0,0.000032,0.112967,PASS,marr
20000,1,0.000018,0.000150,0.000063,0.109022,0.000000,0.000068,0.104533,0.000021,0.213876,PASS,marr
20000,2,0.000014,0.000144,0.000108,0.058877,0.000000,0.000095,0.087552,0.000027,0.146817,PASS,marr
20000,4,0.000020,0.000241,0.000186,0.048861,0.000000,0.000140,0.101729,0.000040,0.151217,PASS,marr
20000,8,0.000024,0.000147,0.003843,0.027451,0.000000,0.000246,0.099405,0.000050,0.131166,PASS,marr
20000,16,0.000038,0.000163,0.001175,0.025623,0.000000,0.000493,0.103181,0.000062,0.130736,PASS,marr
80000,sequential,0.000014,0.000734,0.0,1.687431,0.0,0.0,0.0,0.000077,1.688256,PASS,marr
80000,1,0.000014,0.000607,0.000146,1.693994,0.000000,0.000236,1.636262,0.000099,3.331358,PASS,marr
80000,2,0.000022,0.000625,0.004601,0.896325,0.000000,0.000647,1.605455,0.000104,2.507779,PASS,marr
80000,4,0.000018,0.000709,0.000192,0.720786,0.000000,0.000628,1.455259,0.000255,2.177848,PASS,marr
80000,8,0.000027,0.000616,0.074258,0.331599,0.000000,0.001395,1.457640,0.000121,1.865658,PASS,marr
80000,16,0.000037,0.000616,0.019443,0.391415,0.000000,0.001915,1.627716,0.000155,2.041298,PASS,marr
100000,sequential,0.000012,0.000766,0.0,2.606617,0.0,0.0,0.0,0.000088,2.607483,PASS,marr
100000,1,0.000015,0.000751,0.000073,2.626692,0.000000,0.000309,2.770271,0.000229,5.398340,PASS,marr
100000,2,0.000016,0.000918,0.000109,1.382090,0.000000,0.000441,2.260916,0.000429,3.644920,PASS,marr
100000,4,0.000019,0.000783,0.000347,1.099721,0.000000,0.002463,2.429826,0.000609,3.533768,PASS,marr
100000,8,0.000028,0.000796,0.099416,0.599970,0.000000,0.001267,2.543695,0.000143,3.245315,PASS,marr
100000,16,0.000038,0.000965,0.283835,0.355373,0.000000,0.002418,2.479991,0.000174,3.122795,PASS,marr
5000,sequential,0.000021,0.000035,0.0,0.006986,0.0,0.0,0.0,0.000001,0.007043,PASS,marr
5000,1,0.000028,0.000036,0.000064,0.007321,0.000000,0.000006,0.006216,0.000000,0.013671,PASS,marr
5000,2,0.000037,0.000037,0.000126,0.003897,0.000000,0.000009,0.006189,0.000000,0.010295,PASS,marr
5000,4,0.000140,0.000039,0.000196,0.002869,0.000000,0.000021,0.006490,0.000001,0.009756,PASS,marr
5000,8,0.000092,0.000037,0.001531,0.001685,0.000001,0.000044,0.006198,0.000001,0.009589,PASS,marr
5000,16,0.000269,0.000036,0.001485,0.009053,0.000000,0.000089,0.006890,0.000002,0.017824,PASS,marr
20000,sequential,0.000012,0.000154,0.0,0.115429,0.0,0.0,0.0,0.000036,0.115631,PASS,marr
20000,1,0.000015,0.000414,0.000059,0.110847,0.000000,0.000056,0.106277,0.000023,0.217691,PASS,marr
20000,2,0.000014,0.000156,0.000107,0.060880,0.000000,0.000092,0.090916,0.000026,0.152191,PASS,marr
20000,4,0.000025,0.000318,0.000451,0.046339,0.000000,0.000147,0.104960,0.000033,0.152274,PASS,marr
20000,8,0.000026,0.000155,0.011175,0.015224,0.000001,0.000253,0.105464,0.000052,0.132350,PASS,marr
20000,16,0.000036,0.000201,0.002870,0.025715,0.000000,0.000497,0.093470,0.000066,0.122856,PASS,marr
80000,sequential,0.000011,0.000710,0.0,4.149464,0.0,0.0,0.0,0.000085,4.150270,PASS,marr
80000,1,0.000014,0.000708,0.000067,1.694929,0.000000,0.000241,1.619477,0.000098,3.315534,PASS,marr
80000,2,0.000019,0.000619,0.000109,0.879692,0.000000,0.000536,1.537785,0.000108,2.418868,PASS,marr
80000,4,0.000020,0.000710,0.000194,0.656007,0.000000,0.000562,1.490080,0.000409,2.147982,PASS,marr
80000,8,0.000028,0.000753,0.000985,0.443177,0.000000,0.001058,1.572528,0.000167,2.018698,PASS,marr
80000,16,0.000036,0.000610,0.002379,0.389194,0.000000,0.002086,1.583469,0.000183,1.977957,PASS,marr
100000,sequential,0.000012,0.000803,0.0,2.692220,0.0,0.0,0.0,0.000100,2.693135,PASS,marr
100000,1,0.000014,0.000911,0.000070,2.592179,0.000000,0.000298,2.413903,0.000123,5.007499,PASS,marr
100000,2,0.000016,0.000982,0.000235,1.353384,0.000000,0.000459,2.600923,0.000267,3.956267,PASS,marr
100000,4,0.000022,0.000823,0.000291,1.046781,0.000001,0.000760,2.340707,0.000305,3.389691,PASS,marr
100000,8,0.000027,0.000803,0.436869,0.260176,0.000000,0.001272,2.535624,0.000136,3.234907,PASS,marr
100000,16,0.000039,0.000930,0.005557,0.540564,0.000000,0.002786,2.459979,0.000211,3.010067,PASS,marr
5000,sequential,0.000016,0.000037,0.0,0.007589,0.0,0.0,0.0,0.000001,0.007643,PASS,marr
5000,1,0.000028,0.000035,0.000074,0.010061,0.000000,0.000006,0.006157,0.000000,0.016361,PASS,marr
5000,2,0.000037,0.000036,0.000122,0.006293,0.000000,0.000011,0.006157,0.000000,0.012657,PASS,marr
5000,4,0.000055,0.000037,0.000204,0.002675,0.000000,0.000019,0.006224,0.000001,0.009215,PASS,marr
5000,8,0.000092,0.000036,0.000594,0.001794,0.000000,0.000044,0.006262,0.000000,0.008822,PASS,marr
5000,16,0.000157,0.000037,0.001329,0.003856,0.000000,0.000086,0.006284,0.000001,0.011750,PASS,marr
20000,sequential,0.000011,0.000155,0.0,0.107976,0.0,0.0,0.0,0.000036,0.108178,PASS,marr
20000,1,0.000014,0.000149,0.000063,0.111050,0.000000,0.000068,0.104967,0.000025,0.216336,PASS,marr
20000,2,0.000018,0.000149,0.000116,0.055120,0.000000,0.000087,0.103677,0.000027,0.159194,PASS,marr
20000,4,0.000016,0.000151,0.000235,0.044058,0.000000,0.000151,0.104629,0.000042,0.149282,PASS,marr
20000,8,0.000026,0.000156,0.003870,0.026955,0.000000,0.000262,0.103183,0.000049,0.134501,PASS,marr
20000,16,0.000038,0.000154,0.001374,0.021694,0.000000,0.000470,0.093990,0.000068,0.117788,PASS,marr
80000,sequential,0.000013,0.000748,0.0,1.717047,0.0,0.0,0.0,0.000083,1.717891,PASS,marr
80000,1,0.000017,0.000618,0.000074,1.708826,0.000000,0.000450,1.572166,0.000103,3.282255,PASS,marr
80000,2,0.000019,0.000931,0.001423,0.930075,0.000000,0.000360,1.639161,0.000106,2.572076,PASS,marr
80000,4,0.000020,0.002137,0.011513,0.808479,0.000000,0.000596,1.453171,0.000231,2.276147,PASS,marr
80000,8,0.000025,0.000633,0.003012,0.454275,0.000001,0.001044,1.573337,0.000127,2.032454,PASS,marr
80000,16,0.000040,0.000740,0.000974,0.413378,0.000000,0.002028,1.671557,0.000166,2.088884,PASS,marr
100000,sequential,0.000016,0.000826,0.0,2.649418,0.0,0.0,0.0,0.000149,2.650409,PASS,marr
100000,1,0.000014,0.000773,0.000075,2.644373,0.000000,0.000324,2.521604,0.000118,5.167282,PASS,marr
100000,2,0.000015,0.000903,0.000110,1.502944,0.000000,0.000453,2.573355,0.000340,4.078121,PASS,marr
100000,4,0.000022,0.000873,0.005233,1.036482,0.000000,0.000804,2.475437,0.000304,3.519156,PASS,marr
100000,8,0.000025,0.000858,0.018841,0.642169,0.000000,0.001452,2.470026,0.000186,3.133558,PASS,marr
100000,16,0.000037,0.000752,0.280600,0.311908,0.000000,0.002337,2.377341,0.000196,2.973171,PASS,marr
5000,sequential,0.000020,0.000037,0.0,0.007179,0.0,0.0,0.0,0.000001,0.007237,PASS,marr
5000,1,0.000029,0.000037,0.000065,0.007877,0.000000,0.000005,0.006279,0.000000,0.014292,PASS,marr
5000,2,0.000035,0.000038,0.000179,0.004004,0.000000,0.000009,0.006656,0.000000,0.010921,PASS,marr
5000,4,0.000060,0.000037,0.000278,0.003161,0.000000,0.000028,0.006319,0.000001,0.009884,PASS,marr
5000,8,0.000096,0.000038,0.000643,0.004331,0.000000,0.000043,0.006422,0.000001,0.011574,PASS,marr
5000,16,0.000157,0.000036,0.001436,0.001566,0.000000,0.000072,0.006241,0.000001,0.009510,PASS,marr
20000,sequential,0.000015,0.000155,0.0,0.113005,0.0,0.0,0.0,0.000038,0.113213,PASS,marr
20000,1,0.000013,0.000148,0.000070,0.108355,0.000000,0.000067,0.093005,0.000019,0.201677,PASS,marr
20000,2,0.000015,0.000147,0.000122,0.057341,0.000000,0.000092,0.102928,0.000025,0.160670,PASS,marr
20000,4,0.000017,0.000145,0.000262,0.044750,0.000000,0.000157,0.096253,0.000039,0.141624,PASS,marr
20000,8,0.000022,0.000217,0.003943,0.024462,0.000000,0.000243,0.098490,0.000042,0.127420,PASS,marr
20000,16,0.000038,0.000148,0.001160,0.044425,0.000000,0.000492,0.091147,0.000066,0.137476,PASS,marr
80000,sequential,0.000014,0.000694,0.0,1.702669,0.0,0.0,0.0,0.000083,1.703460,PASS,marr
80000,1,0.000014,0.000624,0.000072,1.721419,0.000000,0.000487,1.506385,0.000097,3.229098,PASS,marr
80000,2,0.000016,0.000769,0.000112,0.875021,0.000001,0.000346,1.510725,0.000105,2.387096,PASS,marr
80000,4,0.000020,0.000622,0.000283,0.650169,0.000000,0.000584,1.490737,0.000354,2.142769,PASS,marr
80000,8,0.000026,0.000614,0.010052,0.392590,0.000000,0.001099,1.516018,0.000126,1.920525,PASS,marr
80000,16,0.000038,0.000659,0.016305,0.389343,0.000000,0.001909,1.498350,0.000153,1.906759,PASS,marr
100000,sequential,0.000015,0.000785,0.0,2.700036,0.0,0.0,0.0,0.000101,2.700937,PASS,marr
100000,1,0.000015,0.000833,0.000070,2.656985,0.000000,0.000298,2.356459,0.000142,5.014803,PASS,marr
100000,2,0.000016,0.000796,0.000127,1.353423,0.000000,0.000489,2.311923,0.000255,3.667029,PASS,marr
100000,4,0.000022,0.000878,0.000217,1.063906,0.000000,0.000740,2.429093,0.000469,3.495326,PASS,marr
100000,8,0.000030,0.000839,0.096770,0.574915,0.000000,0.001262,2.534385,0.000143,3.208345,PASS,marr
100000,16,0.000038,0.000799,0.468446,0.211449,0.000000,0.002513,2.631453,0.000191,3.314889,PASS,marr
